"year","country","gdppc","doctors"
1983,"ALBANIA",942.6323,0.9305849
1990,"ALBANIA",840.6483,1.37599
1991,"ALBANIA",606.1732,1.470247
1992,"ALBANIA",571.6766,1.650233
1993,"ALBANIA",635.3894,1.771626
1994,"ALBANIA",686.8496,1.318681
1995,"ALBANIA",768.6478,1.408682
1965,"ALGERIA",1086.527,0.1164137
1970,"ALGERIA",1284.363,0.1235268
1979,"ALGERIA",1728.35,0.3800908
1984,"ALGERIA",1816.374,0.4270892
1988,"ALGERIA",1662.984,0.4287517
1990,"ALGERIA",1636.049,0.9416114
1993,"ALGERIA",1494.353,0.821001
1998,"ALGERIA",1541.801,1
1999,"ALGERIA",1569.123,0.7866778
1984,"ANGOLA",672.5095,0.0616706
1990,"ANGOLA",690.2302,0.0421452
1990,"ANTIGUA",6980.103,0.765625
1991,"ANTIGUA",7096.744,0.9185739
1993,"ANTIGUA",7487.911,3.029366
1995,"ANTIGUA",7572.989,0.7671065
1996,"ANTIGUA",7944.89,1.141032
1960,"ARGENTINA",5423.197,1.350698
1965,"ARGENTINA",6047.552,1.666652
1970,"ARGENTINA",6829.852,1.892163
1975,"ARGENTINA",7317.662,1.869285
1984,"ARGENTINA",6980.083,2.683262
1985,"ARGENTINA",6354.047,2.705032
1986,"ARGENTINA",6753.115,2.984408
1988,"ARGENTINA",6579.006,3.032035
1990,"ARGENTINA",5781.857,2.679989
1995,"ARGENTINA",7429.334,2.679993
1991,"ARMENIA",1335.588,3.703212
1992,"ARMENIA",762.2769,3.596582
1993,"ARMENIA",686.5583,3.344855
1994,"ARMENIA",720.5435,3.121131
1995,"ARMENIA",767.7394,3.041755
1960,"AUSTRALIA",9887.246,1.326715
1965,"AUSTRALIA",11285.98,1.388918
1970,"AUSTRALIA",13636.13,1.199328
1980,"AUSTRALIA",15950.41,1.789409
1981,"AUSTRALIA",16275.2,1.909292
1986,"AUSTRALIA",17493.03,2.285497
1991,"AUSTRALIA",18476.55,2.200011
1993,"AUSTRALIA",19518.67,2.400011
1994,"AUSTRALIA",20190.11,2.400011
1995,"AUSTRALIA",20852.01,2.500028
1996,"AUSTRALIA",21347.1,2.5
1997,"AUSTRALIA",22088.91,2.500027
1960,"AUSTRIA",10675.25,1.828888
1965,"AUSTRIA",12695.11,1.388835
1970,"AUSTRIA",16052.71,1.842445
1981,"AUSTRIA",22466.11,2.270588
1982,"AUSTRIA",22867.49,2.294956
1985,"AUSTRIA",24176.67,2.574586
1990,"AUSTRIA",27660.18,2.20006
1991,"AUSTRIA",28241.03,2.300055
1992,"AUSTRIA",28310.58,2.399955
1993,"AUSTRIA",28181.16,2.39995
1994,"AUSTRIA",28757.11,2.600062
1995,"AUSTRIA",29277.61,2.700012
1996,"AUSTRIA",29813.23,2.799975
1997,"AUSTRIA",30118.33,2.89996
1998,"AUSTRIA",30962.07,3
1991,"AZERBAIJAN",1082.103,3.81103
1992,"AZERBAIJAN",690.6594,3.782173
1993,"AZERBAIJAN",599.7432,3.829753
1994,"AZERBAIJAN",431.9506,3.802422
1995,"AZERBAIJAN",376.6179,3.836044
1996,"AZERBAIJAN",377.6806,3.797887
1980,"BAHAMAS",12215.26,0.9380952
1984,"BAHAMAS",12832.46,0.9432315
1990,"BAHAMAS",13359.58,1.29007
1993,"BAHAMAS",12436.35,1.445693
1995,"BAHAMAS",12075.54,1.489209
1996,"BAHAMAS",12352.34,1.475352
1998,"BAHAMAS",12695.74,1.122449
1980,"BAHRAIN",12021.74,1.086826
1985,"BAHRAIN",8797.366,1.218824
1991,"BAHRAIN",8849.583,1.314961
1993,"BAHRAIN",9769.286,0.1098696
1997,"BAHRAIN",9403.396,1.4
1980,"BANGLADESH",221.9136,0.1187082
1985,"BANGLADESH",255.3539,0.1524462
1986,"BANGLADESH",258.7061,0.1421399
1990,"BANGLADESH",277.2957,0.176727
1991,"BANGLADESH",281.3081,0.1883893
1995,"BANGLADESH",316.777,0.201214
1998,"BANGLADESH",350.3786,0.1552591
1999,"BANGLADESH",361.5909,0.165898
1970,"BARBADOS",5329.15,0.5225753
1984,"BARBADOS",6342.008,0.8907363
1990,"BARBADOS",7329.668,1.139535
1995,"BARBADOS",7036.888,1.279334
1998,"BARBADOS",7894.99,1.106803
1991,"BELARUS",3002.572,3.882911
1992,"BELARUS",2701.845,3.95714
1993,"BELARUS",2485.011,4.061403
1994,"BELARUS",2172.315,4.123399
1995,"BELARUS",1952.198,4.135298
1996,"BELARUS",2013.141,4.265756
1998,"BELARUS",2436.915,3.888099
1999,"BELARUS",2543.039,3.956838
1960,"BELGIUM",10734.61,1.283364
1965,"BELGIUM",13060.28,1.428556
1970,"BELGIUM",16208.83,1.544615
1980,"BELGIUM",21910.13,2.491723
1981,"BELGIUM",21623.08,2.7027
1985,"BELGIUM",22684.46,3.020491
1987,"BELGIUM",23539.47,3.213577
1989,"BELGIUM",25360.62,3.365063
1990,"BELGIUM",26052.73,3.200032
1991,"BELGIUM",26367.99,3.19996
1992,"BELGIUM",26655.41,3.30005
1993,"BELGIUM",26152.22,3.300015
1994,"BELGIUM",26704.89,3.399996
1995,"BELGIUM",27202.28,3.399988
1984,"BELIZE",1849.677,0.2716049
1986,"BELIZE",1856.264,0.4513217
1988,"BELIZE",2141.328,0.4730632
1990,"BELIZE",2542.887,0.6391971
1993,"BELIZE",2743.313,0.4922027
1995,"BELIZE",2731.769,0.5999077
1996,"BELIZE",2714.825,0.535072
1998,"BELIZE",2742.333,0.5073375
1980,"BENIN",361.8541,0.0588915
1981,"BENIN",386.3059,0.058861
1983,"BENIN",355.1932,0.0745818
1985,"BENIN",386.8894,0.0729656
1989,"BENIN",344.3807,0.0703428
1990,"BENIN",344.5511,0.0504539
1991,"BENIN",350.0161,0.042185
1992,"BENIN",353.5008,0.0550805
1993,"BENIN",355.4967,0.0569854
1994,"BENIN",360.7114,0.0608451
1998,"BENIN",393.9,0.0401798
1999,"BENIN",402.2147,0.0336929
1981,"BHUTAN",250.0315,0.1246206
1982,"BHUTAN",257.9758,0.1024509
1990,"BHUTAN",386.972,0.3332722
1994,"BHUTAN",426.2612,0.1703704
1998,"BHUTAN",492.9336,0.2634526
1960,"BOLIVIA",826.6613,0.2670844
1965,"BOLIVIA",938.2447,0.3105656
1970,"BOLIVIA",856.4754,0.5087844
1975,"BOLIVIA",1006.032,0.490229
1981,"BOLIVIA",993.3427,0.5233465
1984,"BOLIVIA",862.8128,0.69752
1990,"BOLIVIA",832.3604,0.4500228
1993,"BOLIVIA",863.9767,0.4259023
1995,"BOLIVIA",902.0468,0.3400324
1997,"BOLIVIA",943.1219,1.29973
1998,"BOLIVIA",972.2377,0.3720755
1985,"BOPHUTSWANA",17339.3,1.251462
1994,"BOSNIA-HERZ",418.2245,0.5889874
1995,"BOSNIA-HERZ",546.5836,0.5238653
1998,"BOSNIA-HERZ",1454.86,1.866242
1999,"BOSNIA-HERZ",1593.61,1.810597
1970,"BOTSWANA",590.4946,0.0643642
1975,"BOTSWANA",1132.184,0.1330698
1980,"BOTSWANA",1678.417,0.1225166
1981,"BOTSWANA",1756.343,0.1342082
1983,"BOTSWANA",2080.331,0.1438877
1988,"BOTSWANA",2845.615,0.2004895
1989,"BOTSWANA",3006.721,0.1940868
1993,"BOTSWANA",3238.731,0.1943019
1960,"BRAZIL",1741.528,0.3738472
1965,"BRAZIL",1875.005,0.3997226
1970,"BRAZIL",2393.728,0.4920799
1975,"BRAZIL",3465.103,0.6241552
1981,"BRAZIL",3978.057,0.7667685
1984,"BRAZIL",3818.364,0.9265217
1985,"BRAZIL",4040.509,1.46667
1988,"BRAZIL",4270.34,1.185285
1990,"BRAZIL",4079.612,1.359997
1995,"BRAZIL",4419.112,1.309998
1996,"BRAZIL",4482.156,1.275544
1998,"BRAZIL",4500.815,1.21339
1980,"BRUNEI",29434.54,0.4352331
1981,"BRUNEI",22857.39,0.4868012
1984,"BRUNEI",22029.08,0.5338242
1991,"BRUNEI",18911.66,0.7446326
1980,"BULGARIA",1328.953,2.45949
1981,"BULGARIA",1391.561,2.503379
1982,"BULGARIA",1421.486,2.59512
1984,"BULGARIA",1514.903,3.626219
1989,"BULGARIA",1854.532,3.178777
1990,"BULGARIA",1716.187,3.268754
1991,"BULGARIA",1586.903,3.100093
1992,"BULGARIA",1487.349,3.166159
1993,"BULGARIA",1477.095,3.358947
1994,"BULGARIA",1510.546,3.330646
1995,"BULGARIA",1560.224,3.460595
1998,"BULGARIA",1372.404,3.451253
1999,"BULGARIA",1413.732,3.260234
1986,"BURKNA FASO",237.1235,0.0038389
1989,"BURKNA FASO",234.3432,0.02905
1965,"BURUNDI",126.9056,0.0174292
1970,"BURUNDI",164.6916,0.0170746
1975,"BURUNDI",161.5983,0.0122283
1984,"BURUNDI",182.007,0.0468586
1986,"BURUNDI",198.5754,0.0580353
1990,"BURUNDI",206.2952,0.0581012
1991,"BURUNDI",210.8898,0.05871
1993,"BURUNDI",190.562,0.0565494
1983,"C VERDE IS",897.2898,0.1998934
1986,"C VERDE IS",1041.894,0.329531
1988,"C VERDE IS",1090.552,0.3414946
1992,"C VERDE IS",1125.65,0.2343441
1992,"CAMBODIA",259.0247,0.1066907
1993,"CAMBODIA",261.3264,0.1037991
1994,"CAMBODIA",263.347,0.1047541
1960,"CAMEROON",518.2375,0.0337991
1965,"CAMEROON",533.1887,0.0370622
1970,"CAMEROON",508.2574,0.0340187
1975,"CAMEROON",615.8312,0.0721403
1979,"CAMEROON",766.0878,0.071668
1989,"CAMEROON",836.8017,0.0847096
1990,"CAMEROON",764.0501,0.0823745
1992,"CAMEROON",673.5556,0.0836794
1993,"CAMEROON",634.1331,0.0728866
1999,"CAMEROON",656.1732,0.0643271
1965,"CANADA",10826.04,1.298709
1970,"CANADA",12459.71,1.461546
1981,"CANADA",16698,1.77751
1984,"CANADA",17065.31,1.901019
1988,"CANADA",19250.75,2.141848
1990,"CANADA",19129.21,2.099996
1991,"CANADA",18510.33,2.200011
1992,"CANADA",18451.2,2.199996
1993,"CANADA",18670.4,2.200017
1994,"CANADA",19366.16,2.199993
1995,"CANADA",19732.65,2.099986
1996,"CANADA",19819.72,2.099993
1997,"CANADA",20472.18,2.099996
1998,"CANADA",20966.54,2.099984
1999,"CANADA",21753.77,1.914021
1960,"CEN AFR REP",457.4516,0.0202086
1965,"CEN AFR REP",432.6678,0.0304114
1970,"CEN AFR REP",459.4289,0.022715
1980,"CEN AFR REP",416.9753,0.0428016
1981,"CEN AFR REP",400.8594,0.0439035
1982,"CEN AFR REP",421.5941,0.042867
1989,"CEN AFR REP",380.286,0.0393536
1990,"CEN AFR REP",363.189,0.0384092
1993,"CEN AFR REP",316.5768,0.055213
1999,"CEN AFR REP",346.8517,0.0319226
1960,"CEYLON",274.8332,0.2225705
1965,"CEYLON",287.7194,0.1718918
1970,"CEYLON",339.5842,0.1694103
1960,"CHAD",289.6261,0.0137076
1965,"CHAD",274.4376,0.0137972
1970,"CHAD",268.6529,0.0161555
1978,"CHAD",249.2836,0.0210537
1986,"CHAD",220.2143,0.026321
1989,"CHAD",242.8355,0.0261504
1994,"CHAD",220.3329,0.0222777
1960,"CHILE",1968.023,0.5586225
1965,"CHILE",2091.574,0.4727018
1970,"CHILE",2359.832,0.4634583
1979,"CHILE",2501.47,0.5164361
1984,"CHILE",2444.871,0.8168037
1990,"CHILE",3282.599,1.100008
1991,"CHILE",3485.496,1.066315
1995,"CHILE",4589.306,1.079984
1999,"CHILE",5121.395,0.9594615
1965,"CHINA PR",106.0928,0.625
1966,"CHINA PR",111.7583,0.5882352
1974,"CHINA PR",131.2166,0.6666666
1975,"CHINA PR",137.8638,0.7142859
1976,"CHINA PR",133.6308,0.7692313
1980,"CHINA PR",167.6276,0.9090911
1982,"CHINA PR",188.9526,0.9994398
1983,"CHINA PR",206.4577,0.9969413
1984,"CHINA PR",234.7943,0.9932727
1985,"CHINA PR",260.7823,0.9895294
1986,"CHINA PR",278.8986,0.9880492
1990,"CHINA PR",349.1536,1.54
1991,"CHINA PR",376.0774,1.54
1992,"CHINA PR",424.4949,1.54
1993,"CHINA PR",476.4655,1.55
1994,"CHINA PR",531.5439,1.882
1995,"CHINA PR",581.1646,1.918
1996,"CHINA PR",630.194,1.941
1997,"CHINA PR",678.9072,1.985
1998,"CHINA PR",724.7328,2
1999,"CHINA PR",768.7858,1.394537
1991,"CISKEI",1527.359,0.5082988
1960,"COLOMBIA",1104.214,0.3541555
1965,"COLOMBIA",1191.973,0.3774692
1970,"COLOMBIA",1377.241,0.4196622
1977,"COLOMBIA",1679.523,0.4784383
1984,"COLOMBIA",1856.943,0.7584276
1986,"COLOMBIA",1944.604,0.8077887
1988,"COLOMBIA",2049.136,0.8730581
1990,"COLOMBIA",2119.183,1.089991
1993,"COLOMBIA",2240.825,0.9049879
1995,"COLOMBIA",2399.128,0.9899891
1997,"COLOMBIA",2438.585,1.129764
1999,"COLOMBIA",2260.642,0.9176196
1984,"COMORO IS",545.1647,0.0839085
1988,"COMORO IS",534.3777,0.1634704
1990,"COMORO IS",515.8569,0.1134259
1992,"COMORO IS",502.5952,0.1273997
1999,"COMORO IS",388.1365,0.0900272
1978,"CONGO",753.9807,0.1737961
1982,"CONGO",1264.153,0.1189215
1985,"CONGO",1299.628,0.2523413
1986,"CONGO",1176.285,0.2528023
1990,"CONGO",1106.27,0.2761261
1995,"CONGO",980.1302,0.268645
1960,"CONGO (BRA)",557.3235,0.0597166
1965,"CONGO (BRA)",583.5712,0.0675068
1970,"CONGO (BRA)",654.1495,0.1005542
1960,"CONGO (KIN)",349.5585,0.0145438
1965,"CONGO DR",341.937,0.0284201
1970,"CONGO DR",356.3085,0.0354218
1999,"CONGO REP",840.1647,0.2144286
1960,"COSTA RICA",1934.581,0.3911187
1965,"COSTA RICA",2029.638,0.517097
1970,"COSTA RICA",2347.476,0.6142775
1979,"COSTA RICA",3161.848,0.679701
1984,"COSTA RICA",2765.424,0.9879916
1987,"COSTA RICA",2841.929,0.9734885
1988,"COSTA RICA",2867.064,0.8892267
1990,"COSTA RICA",2991.956,1.259853
1993,"COSTA RICA",3316.502,0.8824633
1994,"COSTA RICA",3408.263,0.8453766
1995,"COSTA RICA",3474.547,0.8535854
1996,"COSTA RICA",3419.724,0.864332
1997,"COSTA RICA",3549.249,0.8721132
1998,"COSTA RICA",3765.396,0.9013046
1999,"COSTA RICA",3994.179,1.050989
1985,"COTE D'IVOR",877.7028,0.0705608
1990,"COTE D'IVOR",778.5486,0.0864407
1999,"COTE D'IVOR",787.0332,0.0656139
1991,"CROATIA",3605.516,1.944648
1992,"CROATIA",3184.257,1.9752
1993,"CROATIA",2930.724,2.028249
1994,"CROATIA",3189.534,2.011185
1999,"CROATIA",4101.989,2.274194
1980,"CYPRUS",6334.362,0.9165303
1981,"CYPRUS",6420.243,0.9724919
1986,"CYPRUS",8033.54,1.392966
1987,"CYPRUS",8522.937,1.380303
1990,"CYPRUS",10404.85,1.760646
1999,"CYPRUS",13246.64,1.576657
1993,"CZECH REP",4651.068,2.756074
1994,"CZECH REP",4751.979,2.854489
1995,"CZECH REP",5036.925,2.915981
1996,"CZECH REP",5288.007,2.929617
1997,"CZECH REP",5239.119,2.999971
1998,"CZECH REP",5128.516,3.000029
1999,"CZECH REP",5124.395,2.79388
1960,"DAHOMEY",350.6504,0.0434146
1965,"DAHOMEY",361.1011,0.0308748
1970,"DAHOMEY",361.9043,0.0350019
1960,"DENMARK",16287.07,1.233355
1965,"DENMARK",20266.42,1.351408
1970,"DENMARK",23445.66,1.440454
1981,"DENMARK",26753.18,2.380906
1984,"DENMARK",29004.17,2.505086
1987,"DENMARK",31157,2.563683
1990,"DENMARK",31806.94,2.8
1991,"DENMARK",32074.21,2.799961
1992,"DENMARK",32170.22,2.8
1994,"DENMARK",33700.04,2.900096
1996,"DENMARK",35115.41,2.900038
1999,"DENMARK",37307.54,2.702215
1995,"DJIBOUTI",816.7844,0.1913477
1960,"DOMIN REP",682.5598,0.1213247
1965,"DOMIN REP",659.3162,0.5882816
1975,"DOMIN REP",1180.179,0.4350238
1984,"DOMIN REP",1343.697,0.5701373
1988,"DOMIN REP",1446.47,1.076273
1990,"DOMIN REP",1367.995,1.490014
1993,"DOMIN REP",1448.352,1.053918
1995,"DOMIN REP",1526.2,1.500064
1997,"DOMIN REP",1709.188,2.153617
1999,"DOMIN REP",1916.445,1.260527
1984,"DOMINICA",2114.324,0.3386157
1990,"DOMINICA",2871.334,0.4566842
1991,"DOMINICA",2899.221,0.5277778
1995,"DOMINICA",3069,0.4657534
1996,"DOMINICA",3150.077,0.479452
1999,"DOMINICA",3353.812,0.4520548
1960,"ECUADOR",776.6754,0.3955846
1965,"ECUADOR",822.2022,0.3345645
1970,"ECUADOR",878.9808,0.3484087
1975,"ECUADOR",1301.091,0.3512379
1977,"ECUADOR",1429.412,0.6369905
1984,"ECUADOR",1478.987,1.244267
1990,"ECUADOR",1475.212,1.533223
1995,"ECUADOR",1565.394,1.330017
1997,"ECUADOR",1584.42,1.696239
1999,"ECUADOR",1418.824,1.267886
1975,"EGYPT",516.1716,0.5359476
1980,"EGYPT",731.4009,1.06537
1981,"EGYPT",739.6764,1.363775
1982,"EGYPT",792.184,1.365408
1986,"EGYPT",891.1932,1.303552
1990,"EGYPT",970.8851,0.7594676
1994,"EGYPT",1007.259,1.840002
1996,"EGYPT",1065.815,1.599997
1997,"EGYPT",1103.421,1.599995
1999,"EGYPT",1190.802,0.6356722
1960,"EL SALVADOR",1310.432,0.1873545
1970,"EL SALVADOR",1625.395,0.2431907
1975,"EL SALVADOR",1778.522,0.2419903
1980,"EL SALVADOR",1595.852,0.325556
1981,"EL SALVADOR",1412.722,0.3864999
1984,"EL SALVADOR",1335.727,0.3517926
1988,"EL SALVADOR",1345.887,0.6474758
1990,"EL SALVADOR",1377.735,0.8399217
1993,"EL SALVADOR",1553.141,0.6599893
1995,"EL SALVADOR",1675.871,0.910037
1997,"EL SALVADOR",1704.085,1.036711
1999,"EL SALVADOR",1752.2,0.6974484
1990,"EQUA GUINEA",333.4223,0.28125
1995,"EQUA GUINEA",410.9776,0.20802
1999,"EQUA GUINEA",1149.008,0.2236378
1993,"ERITREA",149.6454,0.0188613
1991,"ESTONIA",4141.485,3.671775
1992,"ESTONIA",3311.308,3.42228
1993,"ESTONIA",3088.697,3.375082
1994,"ESTONIA",3063.274,3.122081
1995,"ESTONIA",3226.978,3.089623
1996,"ESTONIA",3387.418,3.040163
1997,"ESTONIA",3775.464,3.100158
1999,"ESTONIA",3953.284,3.989906
1988,"ETH'PIA PDR",103.9989,0.0307704
1994,"ETH'PIA PDR",99.21255,0.0285298
1981,"ETHIOPIA",117.1694,0.0113483
1984,"ETHIOPIA",114.64,0.0126683
1960,"FED MALAYA",974.9962,0.1428747
1970,"FIJI",1747.006,0.4711539
1975,"FIJI",2086.029,0.4756944
1980,"FIJI",2319.403,0.4479495
1982,"FIJI",2234.203,0.493921
1989,"FIJI",2328.011,0.3581267
1992,"FIJI",2408.732,0.4728321
1994,"FIJI",2515.953,0.3762542
1960,"FINLAND",9886.85,0.638149
1965,"FINLAND",12171.99,0.7692813
1970,"FINLAND",15200.18,1.041033
1980,"FINLAND",20604.12,1.886192
1981,"FINLAND",20957.3,2.173958
1985,"FINLAND",23186.95,2.25867
1989,"FINLAND",26942.23,2.465538
1990,"FINLAND",26821.08,2.39992
1991,"FINLAND",25002.62,2.5
1992,"FINLAND",24037.85,2.59996
1993,"FINLAND",23649.22,2.600079
1994,"FINLAND",24473.35,2.699941
1995,"FINLAND",25311.26,2.799922
1996,"FINLAND",26238.78,2.8
1997,"FINLAND",27809.12,3.000093
1998,"FINLAND",29257.25,3
1999,"FINLAND",30355.3,2.316299
1960,"FRANCE",10610.78,1.076832
1965,"FRANCE",13155.66,1.204828
1970,"FRANCE",16412.22,1.339321
1981,"FRANCE",21558.33,2.165239
1986,"FRANCE",23195.52,3.125176
1987,"FRANCE",23682.33,2.886464
1989,"FRANCE",25440.74,2.995446
1990,"FRANCE",25966.71,2.6
1991,"FRANCE",26113.72,2.699996
1992,"FRANCE",26380.71,2.699996
1993,"FRANCE",26043.3,2.800007
1994,"FRANCE",26492.96,2.799994
1995,"FRANCE",26848.83,2.900002
1996,"FRANCE",27059.74,2.899996
1997,"FRANCE",27489.07,3.000005
1998,"FRANCE",28243.16,3.000007
1999,"FRANCE",28958.8,2.516381
1960,"GABON",1810.685,0.1172839
1970,"GABON",3389.893,0.1904762
1981,"GABON",5250.317,0.4568642
1983,"GABON",5030.731,0.4303841
1985,"GABON",4939.507,0.5104294
1988,"GABON",4146.201,0.2398667
1989,"GABON",4357.233,0.4816635
1993,"GABON",4287.734,0.5033493
1994,"GABON",4327.744,0.2315593
1970,"GAMBIA",322.5959,0.0409483
1975,"GAMBIA",355.7388,0.040146
1985,"GAMBIA",378.203,0.0818792
1993,"GAMBIA",363.6446,0.0163534
1995,"GEORGIA",350.777,4.165405
1996,"GEORGIA",387.394,3.753137
1999,"GEORGIA",453.5779,4.894534
1991,"GERMANY",29179.21,3.099995
1992,"GERMANY",29607.53,3.099995
1993,"GERMANY",29093.61,3.199997
1994,"GERMANY",29644.78,3.300002
1995,"GERMANY",30110.12,3.400002
1996,"GERMANY",30237.46,3.400002
1997,"GERMANY",30616.74,3.399995
1998,"GERMANY",31284.8,3.500006
1999,"GERMANY",31721,2.418794
1960,"GHANA",449.5264,0.0465013
1965,"GHANA",453.0532,0.0728062
1970,"GHANA",474.5011,0.0774501
1975,"GHANA",410.6352,0.0775257
1984,"GHANA",323.8143,0.067142
1987,"GHANA",337.5231,0.048872
1989,"GHANA",351.2805,0.0435356
1960,"GREECE",3368.705,1.251831
1965,"GREECE",4829.272,1.408421
1970,"GREECE",6650.517,1.622086
1975,"GREECE",8268.219,1.66663
1980,"GREECE",9606.36,2.433786
1981,"GREECE",9526.692,2.541268
1984,"GREECE",9700.511,2.850849
1988,"GREECE",10420.39,3.20265
1990,"GREECE",10691.83,3.399961
1991,"GREECE",10920.88,3.599981
1992,"GREECE",10897.35,3.800039
1993,"GREECE",10863.95,3.899981
1994,"GREECE",11051.2,3.899962
1995,"GREECE",11241.54,3.899981
1996,"GREECE",11487.98,4
1999,"GREECE",12652.07,3.278326
1984,"GRENADA",1961.168,0.4902564
1988,"GRENADA",2569.253,0.5534873
1990,"GRENADA",2822.326,0.5021368
1993,"GRENADA",2796.633,0.575693
1995,"GRENADA",2923.77,0.6455026
1997,"GRENADA",3122.987,0.4921466
1999,"GRENADA",3553.042,0.4845361
1960,"GUATEMALA",928.3013,0.1842039
1965,"GUATEMALA",1040.724,0.2711345
1970,"GUATEMALA",1198.936,0.2736983
1984,"GUATEMALA",1372.909,0.4697393
1988,"GUATEMALA",1329.872,0.2603252
1990,"GUATEMALA",1358.496,0.7799749
1993,"GUATEMALA",1418.187,0.2500702
1995,"GUATEMALA",1469.142,1.10004
1997,"GUATEMALA",1497.403,0.9343919
1999,"GUATEMALA",1545.426,0.6154179
1990,"GUINEA",534.3757,0.134318
1994,"GUINEA",550.3791,0.1522198
1999,"GUINEA",602.6517,0.106613
1980,"GUINEA-B'AU",168.183,0.1358491
1985,"GUINEA-B'AU",206.1058,0.1391106
1994,"GUINEA-B'AU",229.6222,0.1765183
1970,"GUYANA",768.1345,0.235543
1975,"GUYANA",875.0012,0.2493188
1984,"GUYANA",615.6841,0.1584846
1985,"GUYANA",627.0557,0.1601513
1990,"GUYANA",555.1445,0.1698113
1993,"GUYANA",668.0939,0.1114213
1995,"GUYANA",748.9479,0.3301205
1997,"GUYANA",845.0233,0.180317
1999,"GUYANA",842.6229,0.157725
1960,"HAITI",546.9062,0.1051525
1965,"HAITI",509.7888,0.0697562
1970,"HAITI",471.4396,0.0798673
1975,"HAITI",500.4387,0.0806911
1981,"HAITI",580.0555,0.1101437
1984,"HAITI",536.1968,0.1408365
1985,"HAITI",527.203,0.1370073
1988,"HAITI",496.6097,0.1426976
1990,"HAITI",502.1595,0.0800247
1993,"HAITI",401.1063,0.0921208
1995,"HAITI",367.6981,0.1600167
1999,"HAITI",370.5352,0.0663847
1960,"HONDURAS",513.1725,0.0813094
1965,"HONDURAS",555.2836,0.1902004
1970,"HONDURAS",597.175,0.2685185
1975,"HONDURAS",614.0397,0.2688101
1979,"HONDURAS",753.6411,0.3305168
1981,"HONDURAS",728.2004,0.3321791
1984,"HONDURAS",674.8005,0.6901788
1988,"HONDURAS",693.9144,0.828147
1990,"HONDURAS",682.0347,0.6999385
1991,"HONDURAS",683.592,0.410649
1995,"HONDURAS",700.4238,0.6499823
1997,"HONDURAS",720.6829,0.7920189
1999,"HONDURAS",689.2456,0.5405491
1960,"HUNGARY",1513.621,1.395132
1965,"HUNGARY",2144.095,1.587314
1970,"HUNGARY",2753.001,1.970881
1980,"HUNGARY",4198.959,2.500047
1981,"HUNGARY",4320.374,2.562586
1982,"HUNGARY",4449.004,2.628
1985,"HUNGARY",4636.898,3.285566
1989,"HUNGARY",5017.508,3.032987
1990,"HUNGARY",4857.479,3.2
1991,"HUNGARY",4287.686,3.300019
1992,"HUNGARY",4165.16,3.299981
1993,"HUNGARY",4153.233,3.299981
1994,"HUNGARY",4289.386,3.399961
1995,"HUNGARY",4366.469,3.4
1996,"HUNGARY",4441.042,3.39998
1997,"HUNGARY",4661.555,3.499985
1999,"HUNGARY",5151.422,3.294398
1983,"ICELAND",22779.92,2.299578
1989,"ICELAND",26551.87,2.829442
1990,"ICELAND",26611.44,2.798273
1991,"ICELAND",26598.26,2.79845
1992,"ICELAND",25404.01,2.998851
1993,"ICELAND",25382.43,2.998484
1994,"ICELAND",26083.59,3
1995,"ICELAND",26044.78,3
1996,"ICELAND",27326.43,3.1
1997,"ICELAND",28575.31,3.301471
1999,"ICELAND",30698.36,2.569369
1960,"INDIA",183.0656,0.2104777
1965,"INDIA",194.9856,0.2049171
1970,"INDIA",211.9773,0.2045404
1975,"INDIA",217.7937,0.2040821
1980,"INDIA",226.6037,0.3712005
1981,"INDIA",236.0894,0.2700445
1984,"INDIA",255.8381,0.3964748
1988,"INDIA",299.5461,0.4066136
1993,"INDIA",340.3172,0.4066689
1960,"INDONESIA",249.3391,0.0206179
1965,"INDONESIA",247.2902,0.0315454
1970,"INDONESIA",298.1102,0.0372904
1975,"INDONESIA",384.9366,0.0370544
1979,"INDONESIA",473.1322,0.0853631
1981,"INDONESIA",534.1083,0.0802683
1983,"INDONESIA",563.8297,0.1062507
1989,"INDONESIA",726.6517,0.1422856
1990,"INDONESIA",777.9812,0.1442053
1991,"INDONESIA",832.6502,0.1477312
1992,"INDONESIA",877.4985,0.150209
1993,"INDONESIA",925.3455,0.1615601
1994,"INDONESIA",978.741,0.167809
1999,"INDONESIA",961.8376,0.1241513
1981,"IRAN",1291.727,0.3383334
1986,"IRAN",1295.025,0.3465421
1987,"IRAN",1254.361,0.375992
1988,"IRAN",1164.831,0.3180841
1993,"IRAN",1474.806,0.3182611
1996,"IRAN",1538.682,0.7999985
1960,"IRELAND",5461.862,1.042373
1965,"IRELAND",6460.427,1.052503
1970,"IRELAND",7908.115,1.016949
1980,"IRELAND",10894.45,1.276095
1981,"IRELAND",11119.42,1.290444
1984,"IRELAND",11551.04,1.467838
1988,"IRELAND",13050.51,1.583255
1990,"IRELAND",15084.81,1.59992
1991,"IRELAND",15289.1,1.700088
1992,"IRELAND",15696.09,1.999944
1993,"IRELAND",16054.46,2.000112
1994,"IRELAND",16943.34,1.999888
1995,"IRELAND",18431.23,2.099945
1996,"IRELAND",19684.57,2.099945
1997,"IRELAND",21572.88,2.1
1998,"IRELAND",23154.3,2.199892
1999,"IRELAND",25157.99,1.494936
1960,"ISRAEL",5256.297,2.471618
1965,"ISRAEL",6916.48,2.500195
1970,"ISRAEL",8689.653,2.448218
1975,"ISRAEL",10786.92,2.500145
1981,"ISRAEL",11948.54,2.494944
1982,"ISRAEL",11938.34,2.654428
1983,"ISRAEL",12134.71,2.897686
1993,"ISRAEL",14656.43,4.580878
1960,"ITALY",6646.489,1.371713
1965,"ITALY",8249.105,0.5392424
1970,"ITALY",10800.56,1.802293
1981,"ITALY",14713.46,1.333351
1986,"ITALY",16206.77,4.330977
1989,"ITALY",17823.78,4.828628
1990,"ITALY",18160.66,4.699995
1991,"ITALY",18402.69,4.900002
1992,"ITALY",18507.44,5
1993,"ITALY",18282.78,5.100002
1994,"ITALY",18663.08,5.3
1995,"ITALY",19180.63,5.400007
1996,"ITALY",19330.75,5.5
1997,"ITALY",19632.85,5.799993
1998,"ITALY",19911.1,5.899997
1999,"ITALY",20174.44,4.624414
1960,"IVORY COAST",587.0223,0.0325483
1965,"IVORY COAST",711.4572,0.0481555
1970,"IVORY COAST",927.4554,0.0643699
1965,"JAMAICA",1612.681,0.5017046
1970,"JAMAICA",1950.898,0.3798823
1979,"JAMAICA",1697.559,0.3606883
1981,"JAMAICA",1596.64,0.3588771
1984,"JAMAICA",1554.732,0.4890565
1990,"JAMAICA",1786.619,0.5700021
1993,"JAMAICA",1802.647,0.4721638
1995,"JAMAICA",1816.917,0.5701598
1996,"JAMAICA",1782.689,1.345942
1999,"JAMAICA",1690.702,0.5273287
1960,"JAPAN",8213.485,1.073395
1965,"JAPAN",12225.64,1.030925
1970,"JAPAN",20014.53,1.123149
1981,"JAPAN",28339.53,1.351353
1982,"JAPAN",29008.47,1.36143
1984,"JAPAN",30441.56,1.508949
1988,"JAPAN",35407.14,1.644671
1990,"JAPAN",38713.02,1.700001
1991,"JAPAN",40058.75,1.700002
1992,"JAPAN",40367.82,1.699998
1993,"JAPAN",40393.71,1.699998
1994,"JAPAN",40515.91,1.800002
1995,"JAPAN",40955.22,1.799998
1996,"JAPAN",42913.34,1.800002
1998,"JAPAN",42285.45,1.9
1999,"JAPAN",42317.67,1.659264
1975,"JORDAN",1050.908,0.3779005
1980,"JORDAN",1814.583,0.7863365
1981,"JORDAN",1827.725,1.114125
1982,"JORDAN",1885.759,1.128081
1984,"JORDAN",1932.609,1.159409
1991,"JORDAN",1383.823,1.347814
1994,"JORDAN",1576.752,1.625526
1997,"JORDAN",1607.498,1.659969
1991,"KAZAKHSTAN",1945.518,3.856479
1992,"KAZAKHSTAN",1697.694,3.909974
1993,"KAZAKHSTAN",1543.646,3.800121
1994,"KAZAKHSTAN",1361.661,3.811794
1995,"KAZAKHSTAN",1262.684,3.619392
1996,"KAZAKHSTAN",1285.434,3.516003
1999,"KAZAKHSTAN",1361.149,4.313928
1965,"KENYA",202.1785,0.0752898
1970,"KENYA",225.9497,0.1249783
1975,"KENYA",300.6697,0.1265556
1981,"KENYA",337.5657,0.0990573
1982,"KENYA",330.6383,0.1203056
1985,"KENYA",319.8744,0.1545468
1990,"KENYA",354.9785,0.0451342
1993,"KENYA",329.0201,0.1378416
1999,"KENYA",336.6165,0.0361442
1960,"KOREA REP",1255.631,0.2825261
1965,"KOREA REP",1466.211,0.3726253
1970,"KOREA REP",2163.615,0.4512107
1975,"KOREA REP",2893.973,0.4545506
1980,"KOREA REP",3765.749,0.5918581
1981,"KOREA REP",3937.613,0.7188492
1982,"KOREA REP",4171.42,0.7212785
1986,"KOREA REP",5736.828,0.8657974
1988,"KOREA REP",6984.632,0.8777844
1989,"KOREA REP",7359.56,0.9383907
1990,"KOREA REP",7967.391,0.7999954
1991,"KOREA REP",8622.313,0.8999954
1992,"KOREA REP",9008.916,1
1993,"KOREA REP",9418.862,1
1994,"KOREA REP",10104.87,1.099993
1995,"KOREA REP",10873.6,1.100011
1996,"KOREA REP",11467.41,1.2
1997,"KOREA REP",11925.26,1.199996
1998,"KOREA REP",11022.33,1.3
1999,"KOREA REP",12086.23,0.7318921
1965,"KUWAIT",37850.39,1.26327
1970,"KUWAIT",31940.31,0.9543011
1980,"KUWAIT",16281.96,1.698182
1981,"KUWAIT",12489.24,1.411701
1982,"KUWAIT",10427.75,1.620416
1986,"KUWAIT",10719.28,1.565606
1995,"KUWAIT",16756.03,1.782334
1991,"KYRGYZSTAN",1356.983,3.387604
1992,"KYRGYZSTAN",1158.112,3.325395
1993,"KYRGYZSTAN",968.407,3.095212
1994,"KYRGYZSTAN",774.2589,3.073738
1995,"KYRGYZSTAN",724.3673,3.184383
1997,"KYRGYZSTAN",828.2352,3.09996
1999,"KYRGYZSTAN",851.5524,3.025531
1985,"LAOS",291.9356,0.7342793
1990,"LAOS",320.5404,0.2343169
1999,"LAOS",441.3249,0.1854141
1991,"LATVIA",3327.387,4.02832
1992,"LATVIA",2192.868,3.578051
1993,"LATVIA",1900.46,3.169439
1994,"LATVIA",1939.948,3.028092
1995,"LATVIA",1950.46,2.939352
1996,"LATVIA",2035.126,3.399855
1989,"LEBANON",1387.047,1.862383
1991,"LEBANON",2331.689,1.325893
1993,"LEBANON",2507.457,1.862223
1997,"LEBANON",2900.911,2.300068
1970,"LESOTHO",226.0532,0.0328947
1975,"LESOTHO",257.8914,0.0328559
1985,"LESOTHO",373.3506,0.0707733
1990,"LESOTHO",443.6752,0.0429733
1993,"LESOTHO",467.8743,0.0504248
1999,"LESOTHO",512.6815,0.0351544
1991,"LITHUANIA",2801.27,3.865313
1992,"LITHUANIA",2205.775,3.89364
1993,"LITHUANIA",1853.809,3.932976
1994,"LITHUANIA",1676.782,4.026606
1995,"LITHUANIA",1734.765,3.966891
1996,"LITHUANIA",1819.393,3.980318
1998,"LITHUANIA",2054.917,3.900081
1960,"LUXEMBOURG",15772.08,0.9653859
1970,"LUXEMBOURG",20655,1.06239
1981,"LUXEMBOURG",24648.26,1.353939
1985,"LUXEMBOURG",27933.85,1.805556
1989,"LUXEMBOURG",36320.26,1.970339
1990,"LUXEMBOURG",36685.96,2.000524
1991,"LUXEMBOURG",38418.26,1.999483
1992,"LUXEMBOURG",39580.29,2.099363
1993,"LUXEMBOURG",42423.91,2.099975
1994,"LUXEMBOURG",43581.16,2.199108
1995,"LUXEMBOURG",44602.79,2.200244
1996,"LUXEMBOURG",45222.77,2.300565
1997,"LUXEMBOURG",47820.79,2.400949
1998,"LUXEMBOURG",49619.53,3.000469
1999,"LUXEMBOURG",52675.27,3.099537
1991,"MACEDONIA",1477.192,2.341858
1992,"MACEDONIA",1350.197,2.370909
1993,"MACEDONIA",1328.126,2.342473
1994,"MACEDONIA",1295.394,2.313816
1995,"MACEDONIA",1268.576,2.29705
1975,"MADAGASCAR",364.4687,0.0963039
1981,"MADAGASCAR",302.3039,0.0994007
1985,"MADAGASCAR",277.1368,0.1008594
1990,"MADAGASCAR",276.1396,0.1196699
1995,"MADAGASCAR",237.5835,0.2717293
1996,"MADAGASCAR",235.3017,1.143134
1960,"MALAGASYR",382.6666,0.1145892
1965,"MALAGASYR",360.3351,0.0929661
1970,"MALAGASYR",402.5067,0.0972303
1965,"MALAWI",108.2023,0.0211321
1970,"MALAWI",120.6852,0.0130589
1981,"MALAWI",147.7237,0.0185485
1984,"MALAWI",151.2311,0.0880655
1989,"MALAWI",142.0597,0.0226373
1990,"MALAWI",145.0196,0.0218643
1993,"MALAWI",147.6225,0.0278248
1965,"MALAYSIA",1164.734,0.1612292
1970,"MALAYSIA",1370.656,0.2320096
1975,"MALAYSIA",1712.15,0.2334802
1980,"MALAYSIA",2297.115,0.2553222
1981,"MALAYSIA",2397.001,0.2551563
1985,"MALAYSIA",2586.655,0.3150475
1986,"MALAYSIA",2540.936,0.334634
1987,"MALAYSIA",2598.88,0.3483916
1988,"MALAYSIA",2772.022,0.3665922
1989,"MALAYSIA",2933.266,0.3738059
1990,"MALAYSIA",3104.033,0.3919371
1991,"MALAYSIA",3317.393,0.3927759
1992,"MALAYSIA",3523.359,0.4114058
1993,"MALAYSIA",3776.817,0.4310242
1994,"MALAYSIA",4023.35,0.4492306
1995,"MALAYSIA",4310.192,0.4780721
1996,"MALAYSIA",4624.783,0.495806
1989,"MALDIVE IS",811.4956,0.0724323
1990,"MALDIVE IS",917.2003,0.0704225
1993,"MALDIVE IS",1029.007,0.1908562
1970,"MALI",255.0835,0.0226804
1975,"MALI",271.0088,0.02337
1980,"MALI",305.3953,0.039302
1981,"MALI",285.8198,0.0384803
1985,"MALI",274.9881,0.0393829
1987,"MALI",246.5358,0.0425294
1988,"MALI",243.5061,0.0543993
1990,"MALI",252.4726,0.0514184
1995,"MALI",256.3578,0.0425156
1996,"MALI",258.3783,0.0625256
1970,"MALTA",1926.83,1.070552
1975,"MALTA",2995.635,1.109756
1982,"MALTA",4952.803,1.141388
1983,"MALTA",4987.113,1.156377
1989,"MALTA",6669.247,1.972634
1990,"MALTA",7018.966,2.258611
1991,"MALTA",7387.049,2.446184
1992,"MALTA",7656.513,2.42181
1993,"MALTA",7925.004,2.495202
1960,"MAURITANIA",293.8706,0.024218
1965,"MAURITANIA",449.4603,0.0273723
1970,"MAURITANIA",523.2748,0.0556921
1975,"MAURITANIA",478.3203,0.055434
1977,"MAURITANIA",485.2931,0.0687868
1984,"MAURITANIA",443.9836,0.0825788
1985,"MAURITANIA",445.2574,0.1132503
1990,"MAURITANIA",437.7073,0.0626851
1993,"MAURITANIA",443.1862,0.0635586
1970,"MAURITIUS",1190.337,0.2397094
1975,"MAURITIUS",1531.137,0.235426
1980,"MAURITIUS",1802.113,0.5207039
1981,"MAURITIUS",1882.532,0.55151
1985,"MAURITIUS",2151.453,0.5285433
1989,"MAURITIUS",2778.152,0.8580254
1990,"MAURITIUS",2955.047,0.8107852
1991,"MAURITIUS",3052.942,0.8353177
1992,"MAURITIUS",3199.393,0.8473635
1993,"MAURITIUS",3324.426,0.8441203
1994,"MAURITIUS",3409.614,0.8454627
1995,"MAURITIUS",3541.379,0.8636364
1960,"MEXICO",1639.026,0.5474895
1965,"MEXICO",1988.409,0.4990961
1970,"MEXICO",2295.245,0.6716143
1975,"MEXICO",2662.328,0.6987766
1981,"MEXICO",3486.265,0.8573082
1982,"MEXICO",3386.457,0.8380263
1986,"MEXICO",3050.654,0.5586211
1988,"MEXICO",3024.266,1.622655
1990,"MEXICO",3187.209,1.100005
1991,"MEXICO",3260.387,1.099995
1992,"MEXICO",3317.041,1.199999
1993,"MEXICO",3320.821,1.199996
1994,"MEXICO",3405.795,1.200001
1995,"MEXICO",3139.687,1.2
1996,"MEXICO",3250.625,1.199997
1997,"MEXICO",3420.645,1.299996
1998,"MEXICO",3539.863,1.600001
1993,"MICRONESIA",2021.283,0.4507594
1991,"MOLDOVA",1486.368,3.48211
1992,"MOLDOVA",1056.015,3.508619
1993,"MOLDOVA",1044.062,3.552898
1994,"MOLDOVA",721.447,3.562557
1995,"MOLDOVA",712.8222,3.512791
1996,"MOLDOVA",672.937,3.560462
1990,"MONGOLIA",524.3183,2.538461
1991,"MONGOLIA",467.8913,2.694791
1992,"MONGOLIA",416.6709,2.618027
1960,"MOROCCO",696.4019,0.1063134
1965,"MOROCCO",722.1516,0.0824889
1970,"MOROCCO",849.3577,0.0764206
1975,"MOROCCO",956.0568,0.0763363
1981,"MOROCCO",1059.219,0.0538861
1982,"MOROCCO",1135.567,0.0645437
1987,"MOROCCO",1185.824,0.2172121
1988,"MOROCCO",1282.132,0.214348
1993,"MOROCCO",1256.256,0.2143806
1994,"MOROCCO",1361.927,0.3628404
1997,"MOROCCO",1325.208,0.4
1980,"MOZAMBIQUE",165.8632,0.0255477
1981,"MOZAMBIQUE",169.5743,0.0270492
1982,"MOZAMBIQUE",153.8108,0.0263531
1985,"MOZAMBIQUE",115.2935,0.0206041
1989,"MOZAMBIQUE",143.5685,0.0276313
1991,"NAMIBIA",2001.416,0.2314247
1992,"NAMIBIA",2087.202,0.2315985
1960,"NEPAL",147.6552,0.0138184
1965,"NEPAL",150.5897,0.0219371
1970,"NEPAL",154.2951,0.0195109
1975,"NEPAL",149.3982,0.0195358
1980,"NEPAL",148.0639,0.0335908
1984,"NEPAL",159.7617,0.0309143
1985,"NEPAL",165.1985,0.0334485
1987,"NEPAL",166.7793,0.0496469
1988,"NEPAL",175.0473,0.0492812
1989,"NEPAL",178.0051,0.0519687
1990,"NEPAL",181.5673,0.0506606
1991,"NEPAL",188.299,0.0620663
1992,"NEPAL",191.1591,0.075718
1993,"NEPAL",193.6161,0.0736999
1995,"NEPAL",206.3166,0.0541557
1996,"NEPAL",212.0982,0.0395509
1997,"NEPAL",217.551,0.0395141
1998,"NEPAL",218.7851,0.0403919
1960,"NETHERLANDS",11999.48,1.115087
1965,"NETHERLANDS",14186.62,1.16283
1970,"NETHERLANDS",17321.13,1.249482
1981,"NETHERLANDS",21033.5,2.083316
1985,"NETHERLANDS",22131.36,2.221432
1990,"NETHERLANDS",24997.75,2.5
1991,"NETHERLANDS",25365.22,2.6
1960,"NEW ZEALAND",10356.29,1.180438
1965,"NEW ZEALAND",12153.36,1.219559
1970,"NEW ZEALAND",12466.81,1.146099
1980,"NEW ZEALAND",13968.59,1.56762
1981,"NEW ZEALAND",14497.52,1.628935
1982,"NEW ZEALAND",14602.73,1.637953
1986,"NEW ZEALAND",15720.87,1.753738
1990,"NEW ZEALAND",15033.8,1.900064
1991,"NEW ZEALAND",14674.63,1.900092
1992,"NEW ZEALAND",14691.74,2.000114
1993,"NEW ZEALAND",15440.76,2.000056
1994,"NEW ZEALAND",16055.52,1.999944
1995,"NEW ZEALAND",16418.72,2.100123
1996,"NEW ZEALAND",16587.91,2.100105
1997,"NEW ZEALAND",16696.17,2.199888
1998,"NEW ZEALAND",16564.45,2.200042
1999,"NEW ZEALAND",17210.08,2.300102
1960,"NICARAGUA",655.54,0.3398184
1965,"NICARAGUA",892.5876,0.3781095
1970,"NICARAGUA",917.1006,0.4526613
1975,"NICARAGUA",998.6564,0.4595677
1980,"NICARAGUA",690.2015,0.4156111
1981,"NICARAGUA",704.4247,0.4254656
1984,"NICARAGUA",654.9146,0.6369408
1988,"NICARAGUA",489.5289,0.4710391
1990,"NICARAGUA",459.5211,0.6571727
1995,"NICARAGUA",427.475,0.8199277
1997,"NICARAGUA",446.0555,0.8043556
1960,"NIGER",405.3276,0.0115588
1965,"NIGER",452.937,0.0155738
1970,"NIGER",388.1538,0.0165666
1975,"NIGER",297.864,0.0165584
1984,"NIGER",232.1078,0.0250164
1990,"NIGER",234.5069,0.0183676
1992,"NIGER",210.4648,0.027258
1994,"NIGER",207.3213,0.0225075
1996,"NIGER",205.404,0.0236545
1998,"NIGER",217.5224,0.0327223
1960,"NIGERIA",223.53,0.017148
1965,"NIGERIA",244.6688,0.0426095
1970,"NIGERIA",264.3954,0.0504181
1975,"NIGERIA",301.2091,0.0495093
1980,"NIGERIA",314.2374,0.1129617
1982,"NIGERIA",255.7175,0.1490486
1985,"NIGERIA",230.3202,0.192353
1986,"NIGERIA",229.1618,0.1866929
1989,"NIGERIA",245.7655,0.1920113
1993,"NIGERIA",261.1818,0.1920168
1960,"NORWAY",11256.4,1.104999
1965,"NORWAY",13574.38,1.265915
1970,"NORWAY",15669.19,1.38277
1980,"NORWAY",23594.51,1.909802
1981,"NORWAY",23769.25,2.173903
1984,"NORWAY",25849.38,2.216425
1985,"NORWAY",27112.87,2.434385
1990,"NORWAY",28840.22,3.100083
1991,"NORWAY",29598.01,2.599901
1992,"NORWAY",30388.93,2.600084
1993,"NORWAY",31034.55,2.599954
1994,"NORWAY",32553.22,2.700042
1995,"NORWAY",33624.25,2.8
1996,"NORWAY",35101.63,2.800046
1997,"NORWAY",36556.48,2.499943
1970,"OMAN",3124.885,0.1078838
1975,"OMAN",3516.461,0.107438
1980,"OMAN",3509.206,0.4668483
1982,"OMAN",4123.01,0.5491363
1985,"OMAN",5606.608,0.5232641
1987,"OMAN",5185.146,0.8334566
1989,"OMAN",5358.219,0.8830918
1990,"OMAN",5581.258,0.6109404
1993,"OMAN",5613.938,0.8840436
1960,"PAKISTAN",180.6577,0.1852959
1970,"PAKISTAN",274.478,0.2320029
1975,"PAKISTAN",274.0228,0.2325539
1980,"PAKISTAN",317.7734,0.2851917
1981,"PAKISTAN",333.4097,0.3437294
1982,"PAKISTAN",345.6995,0.3423184
1986,"PAKISTAN",395.3834,0.351419
1990,"PAKISTAN",447.8007,0.4617918
1991,"PAKISTAN",460.3921,0.479711
1992,"PAKISTAN",484.17,0.503091
1993,"PAKISTAN",481.228,0.5180938
1994,"PAKISTAN",487.5894,0.5953677
1999,"PAKISTAN",507.8308,0.3699236
1960,"PANAMA",1462.509,0.3561279
1965,"PANAMA",1876.085,0.4781274
1970,"PANAMA",2339.257,0.6135458
1975,"PANAMA",2571.907,0.5966338
1981,"PANAMA",2893.384,0.9930088
1984,"PANAMA",2808.524,1.020793
1985,"PANAMA",2887.293,1.005999
1988,"PANAMA",2392.605,1.793335
1990,"PANAMA",2523.304,1.640117
1993,"PANAMA",2975.453,1.779441
1995,"PANAMA",3004.979,1.685291
1999,"PANAMA",3245.559,1.399146
1975,"PAPUA NEW G",938.9719,0.0853793
1980,"PAPUA NEW G",873.5629,0.0622165
1981,"PAPUA NEW G",851.9855,0.0624315
1985,"PAPUA NEW G",838.4596,0.1656014
1990,"PAPUA NEW G",795.8359,0.0726752
1999,"PAPUA NEW G",1007.776,0.0593034
1960,"PARAGUAY",889.5812,0.533659
1965,"PARAGUAY",971.3322,0.5329168
1970,"PARAGUAY",1063.617,0.4353192
1975,"PARAGUAY",1301.448,0.4388868
1979,"PARAGUAY",1687.716,0.5632142
1981,"PARAGUAY",1978.052,0.578611
1984,"PARAGUAY",1745.182,0.700649
1985,"PARAGUAY",1760.291,0.6749792
1988,"PARAGUAY",1778.191,0.6397014
1990,"PARAGUAY",1822.385,0.6499171
1991,"PARAGUAY",1812.941,0.8127556
1994,"PARAGUAY",1827.43,0.2801424
1995,"PARAGUAY",1867.46,0.7299089
1997,"PARAGUAY",1842.021,1.098525
1999,"PARAGUAY",1726.568,0.5116779
1960,"PERU",1873.13,0.5096164
1965,"PERU",2189.092,0.6045173
1970,"PERU",2359.498,0.5207307
1975,"PERU",2619.391,0.5262846
1979,"PERU",2554.35,0.6918202
1980,"PERU",2566.376,0.71577
1981,"PERU",2682.889,0.7600671
1982,"PERU",2602.852,0.846251
1983,"PERU",2242.211,0.9016673
1984,"PERU",2305.411,0.9074844
1985,"PERU",2317.885,0.9285861
1986,"PERU",2495.334,0.9841101
1987,"PERU",2639.281,0.9834466
1988,"PERU",2361.407,0.9652457
1989,"PERU",2044.647,1.034823
1990,"PERU",1902.954,1.064537
1992,"PERU",1866.625,1.029994
1995,"PERU",2276.991,0.9799847
1997,"PERU",2405.226,0.9176891
1999,"PERU",2345.696,0.9100674
1960,"PHILIPPINES",711.3952,0.1432822
1970,"PHILIPPINES",844.5866,0.1079116
1975,"PHILIPPINES",973.7306,0.1098995
1980,"PHILIPPINES",1166.011,0.1274293
1981,"PHILIPPINES",1171.415,0.1483701
1984,"PHILIPPINES",1066.35,0.152125
1985,"PHILIPPINES",966.5225,0.1523926
1989,"PHILIPPINES",1088.256,0.1246821
1990,"PHILIPPINES",1097.213,0.1187075
1992,"PHILIPPINES",1043.682,0.1083985
1999,"PHILIPPINES",1137.798,0.097012
1990,"POLAND",2604.296,2.141752
1991,"POLAND",2414.042,2.168291
1992,"POLAND",2469.04,2.182319
1993,"POLAND",2556.58,2.219688
1994,"POLAND",2683.618,2.275657
1995,"POLAND",2868.198,2.317325
1996,"POLAND",3037.896,2.347791
1999,"POLAND",3536.32,2.112097
1960,"PORTUGAL",2737.291,0.7911127
1965,"PORTUGAL",3659.438,0.8064498
1970,"PORTUGAL",5015.722,0.9017934
1975,"PORTUGAL",6181.696,0.9423733
1981,"PORTUGAL",7435.856,2.024566
1985,"PORTUGAL",7525.274,2.460095
1987,"PORTUGAL",8351.51,2.081349
1990,"PORTUGAL",9948.75,2.80002
1991,"PORTUGAL",10209.49,2.89999
1992,"PORTUGAL",10468.51,2.89997
1993,"PORTUGAL",10337.73,2.90001
1994,"PORTUGAL",10546.95,2.90002
1995,"PORTUGAL",10820.22,3
1996,"PORTUGAL",11202.77,3
1997,"PORTUGAL",11601.91,3.10005
1998,"PORTUGAL",11976.14,3.10002
1999,"PORTUGAL",12309.49,2.773951
1965,"RHODESIA",462.2656,0.1222571
1970,"RHODESIA",606.7391,0.158365
1975,"RHODESIA",666.1324,0.1587799
1980,"ROMANIA",1595.776,1.475699
1981,"ROMANIA",1581.956,1.428578
1982,"ROMANIA",1636.885,1.634709
1985,"ROMANIA",1818.714,1.762376
1986,"ROMANIA",1854.198,1.753943
1987,"ROMANIA",1752.243,1.754664
1988,"ROMANIA",1734.857,1.765117
1989,"ROMANIA",1627.32,1.767407
1990,"ROMANIA",1530.871,1.801741
1991,"ROMANIA",1334.394,1.815915
1992,"ROMANIA",1238.39,1.8659
1993,"ROMANIA",1259.234,1.6951
1994,"ROMANIA",1310.254,1.764771
1995,"ROMANIA",1406.589,1.771218
1996,"ROMANIA",1466.316,1.809934
1999,"ROMANIA",1269.71,1.861832
1991,"RUSSIAN FED",3475.277,4.035277
1992,"RUSSIAN FED",2968.983,3.861839
1993,"RUSSIAN FED",2714.701,3.892951
1994,"RUSSIAN FED",2376.414,3.770831
1995,"RUSSIAN FED",2280.945,3.802411
1997,"RUSSIAN FED",2235.856,4.619997
1999,"RUSSIAN FED",2210.911,4.118092
1965,"RWANDA",214.2083,0.0138234
1970,"RWANDA",263.4893,0.0166309
1975,"RWANDA",233.4534,0.0166515
1980,"RWANDA",321.4418,0.0317645
1981,"RWANDA",328.1413,0.0309422
1983,"RWANDA",332.8792,0.0287383
1985,"RWANDA",311.6882,0.0269155
1989,"RWANDA",306.1649,0.0400527
1993,"RWANDA",254.8182,0.0400531
1960,"SA'U ARABIA",3767.721,0.0611043
1965,"SA'U ARABIA",5318.075,0.1064052
1970,"SA'U ARABIA",7044.192,0.1340296
1981,"SA'U ARABIA",11110.87,0.5496457
1986,"SA'U ARABIA",7456.561,1.345611
1990,"SA'U ARABIA",7102.927,1.433399
1993,"SA'U ARABIA",7330.591,1.335126
1997,"SA'U ARABIA",6936.991,1.699989
1999,"SA'U ARABIA",6718.413,1.121497
1989,"SAO TOME/PR",368.6327,0.5457636
1990,"SAO TOME/PR",364.6705,0.5304348
1992,"SAO TOME/PR",354.6201,0.3286231
1999,"SAO TOMEEPR",337.288,0.4199367
1960,"SENEGAL",670.3795,0.0439285
1965,"SENEGAL",649.8469,0.0512962
1970,"SENEGAL",620.9766,0.0632516
1975,"SENEGAL",603.8252,0.0613816
1981,"SENEGAL",530.2649,0.0788214
1982,"SENEGAL",594.6102,0.0766357
1990,"SENEGAL",566.4205,0.0548656
1992,"SENEGAL",549.2573,0.0676018
1994,"SENEGAL",524.3775,0.0955508
1995,"SENEGAL",537.288,0.0948379
1996,"SENEGAL",549.7053,0.0932569
1997,"SENEGAL",561.5393,0.0926699
1998,"SENEGAL",577.514,0.0950345
1999,"SENEGAL",590.9136,0.0432942
1983,"SEYCHELLES",4225.794,0.4068103
1985,"SEYCHELLES",4957.2,0.4451039
1991,"SEYCHELLES",6401.77,5.795053
1993,"SEYCHELLES",7088.948,1.031495
1965,"SIERRA LEO",250.453,0.0592837
1970,"SIERRA LEO",280.2415,0.0560994
1975,"SIERRA LEO",285.2691,0.0539065
1980,"SIERRA LEO",288.7627,0.0577874
1981,"SIERRA LEO",289.2326,0.0526998
1984,"SIERRA LEO",282.5275,0.0746264
1965,"SINGAPORE",3264.694,0.5281915
1970,"SINGAPORE",5433.28,0.6568674
1975,"SINGAPORE",7846.44,0.666814
1980,"SINGAPORE",11062.37,0.85087
1981,"SINGAPORE",11555.25,0.8768259
1985,"SINGAPORE",13179.81,0.9981725
1986,"SINGAPORE",13497.5,0.723015
1988,"SINGAPORE",15876.64,1.111033
1990,"SINGAPORE",17897.45,1.135278
1991,"SINGAPORE",18740.49,1.180583
1992,"SINGAPORE",19364.26,1.195091
1993,"SINGAPORE",21321.29,1.221233
1994,"SINGAPORE",23017.04,1.228597
1999,"SINGAPORE",26459.73,0.8793015
1993,"SLOVAK REP",3081.983,2.886038
1994,"SLOVAK REP",3219.953,2.816188
1995,"SLOVAK REP",3446.525,3.037509
1999,"SLOVAK REP",4074.743,2.887139
1991,"SLOVENIA",8783.838,2.075736
1992,"SLOVENIA",8330.736,2.08805
1993,"SLOVENIA",8693.755,2.05359
1994,"SLOVENIA",9052.802,2.190155
1995,"SLOVENIA",9418.757,2.118593
1999,"SLOVENIA",11128.12,2.070008
1965,"SO AFRICA",3449.514,0.4879488
1975,"SO AFRICA",4574.031,0.5386202
1978,"SO AFRICA",4277.986,0.5511601
1987,"SO AFRICA",4145.465,0.6125756
1992,"SO AFRICA",3821.841,0.6243537
1986,"SOLOMON IS",770.614,0.1359279
1989,"SOLOMON IS",797.0302,0.1515445
1992,"SOLOMON IS",829.6288,0.1571915
1960,"SPAIN",4620.366,1.171729
1965,"SPAIN",6619.341,1.249992
1970,"SPAIN",8507.086,1.342106
1981,"SPAIN",10857.78,2.771363
1982,"SPAIN",10966.75,2.760957
1984,"SPAIN",11273.77,3.170956
1988,"SPAIN",13002.41,3.60841
1990,"SPAIN",14075.16,3.800005
1991,"SPAIN",14364.82,3.89999
1992,"SPAIN",14430.16,4
1993,"SPAIN",14234.15,4.099992
1994,"SPAIN",14528.04,4.099992
1995,"SPAIN",14898.95,4.1
1996,"SPAIN",15224.04,4.200003
1999,"SPAIN",16988.79,3.744624
1975,"SRI LANKA",374.8174,0.1694576
1980,"SRI LANKA",443.563,0.1394355
1981,"SRI LANKA",461.0236,0.1338404
1982,"SRI LANKA",473.7634,0.1339785
1985,"SRI LANKA",525.5609,0.1812843
1986,"SRI LANKA",538.9237,0.1375566
1989,"SRI LANKA",551.1353,0.1461383
1993,"SRI LANKA",652.6205,0.1461277
1994,"SRI LANKA",680.0408,0.2302827
1984,"ST KITT/NEV",2825.515,0.4579803
1990,"ST KITT/NEV",4552.566,0.9041161
1995,"ST KITT/NEV",5625.122,1.073171
1997,"ST KITT/NEV",6427.162,1.175894
1999,"ST KITT/NEV",6675.81,0.9295499
1984,"ST VINCENT",1567.828,0.2663247
1990,"ST VINCENT",2167.871,0.45773
1991,"ST VINCENT",2162.035,0.1388889
1995,"ST VINCENT",2377.711,0.4594595
1997,"ST VINCENT",2521.479,0.8895214
1999,"ST VINCENT",2731.478,0.4295231
1984,"SURINAME",550.0942,0.790902
1970,"SWAZILAND",783.6973,0.124105
1983,"SWAZILAND",998.6567,0.0532464
1990,"SWAZILAND",1445.96,0.1077922
1999,"SWAZILAND",1394.107,0.0814149
1960,"SWEDEN",13389.92,0.9532086
1965,"SWEDEN",16667.72,1.098914
1970,"SWEDEN",19598.11,1.361432
1980,"SWEDEN",23021.79,2.202166
1981,"SWEDEN",22991.04,2.439063
1985,"SWEDEN",24969.11,2.586347
1988,"SWEDEN",26663.72,2.726411
1990,"SWEDEN",27271.75,2.899988
1991,"SWEDEN",26784.53,2.899947
1992,"SWEDEN",26249.59,2.899977
1993,"SWEDEN",25517.71,3.000023
1994,"SWEDEN",26380.26,2.999989
1995,"SWEDEN",27198.19,3.099989
1996,"SWEDEN",27454.09,3.099966
1999,"SWEDEN",29866,2.80229
1960,"SWITZERLAND",26244.92,1.347818
1965,"SWITZERLAND",30901.63,1.40847
1970,"SWITZERLAND",35490.5,1.418542
1985,"SWITZERLAND",41719.48,1.437094
1988,"SWITZERLAND",43375.34,1.724311
1990,"SWITZERLAND",45951.91,2.90003
1991,"SWITZERLAND",44994.21,3
1992,"SWITZERLAND",44447.03,3
1993,"SWITZERLAND",43831.34,3
1994,"SWITZERLAND",43711.95,3.099943
1995,"SWITZERLAND",43639.12,3.199972
1996,"SWITZERLAND",43573.86,3.200028
1998,"SWITZERLAND",44987.64,1.9
1999,"SWITZERLAND",45496.08,2.727719
1965,"SYRIA",573.5515,0.1851643
1970,"SYRIA",578.2535,0.2593895
1975,"SYRIA",907.0394,0.2563861
1980,"SYRIA",1071.405,0.4457721
1981,"SYRIA",1135.188,0.4629835
1986,"SYRIA",960.6885,0.8065515
1987,"SYRIA",950.8995,0.7833896
1989,"SYRIA",917.8094,0.863043
1990,"SYRIA",955.5658,0.8347639
1997,"SYRIA",1180.023,1.100026
1998,"SYRIA",1206.642,1.39998
1999,"SYRIA",1237.682,1.300016
1994,"TANZANIA",176.2259,0.0418505
1960,"THAILAND",465.9177,0.1289027
1965,"THAILAND",567.6292,0.1396821
1970,"THAILAND",753.7645,0.1206602
1975,"THAILAND",861.3906,0.1191276
1980,"THAILAND",1119.377,0.1469883
1981,"THAILAND",1161.361,0.1454636
1983,"THAILAND",1243.695,0.159523
1984,"THAILAND",1293.231,0.1599503
1985,"THAILAND",1333.013,0.1691237
1986,"THAILAND",1384.942,0.1821665
1987,"THAILAND",1492.454,0.1814427
1988,"THAILAND",1662.802,0.2097334
1989,"THAILAND",1833.693,0.2327594
1990,"THAILAND",2002.665,0.2252541
1991,"THAILAND",2140.977,0.2266269
1992,"THAILAND",2284.272,0.2336784
1993,"THAILAND",2449.767,0.2330572
1995,"THAILAND",2866.343,0.2387306
1996,"THAILAND",3017.382,0.3652493
1960,"TOGO",230.1991,0.0211361
1965,"TOGO",345.4735,0.043024
1970,"TOGO",383.2937,0.0346535
1975,"TOGO",406.6624,0.0345733
1980,"TOGO",449.1775,0.0531549
1981,"TOGO",422.0651,0.0468276
1984,"TOGO",372.1867,0.1147304
1986,"TOGO",376.0665,0.0843706
1991,"TOGO",356.3185,0.0877579
1994,"TOGO",304.2909,0.056391
1965,"TRINIDAD",2385.582,0.2622768
1970,"TRINIDAD",2761.681,0.4449022
1975,"TRINIDAD",3300.371,0.4535573
1980,"TRINIDAD",4613.515,0.7264326
1981,"TRINIDAD",4710.201,0.6730001
1984,"TRINIDAD",4997.229,1.043315
1990,"TRINIDAD",4093.552,0.7201646
1991,"TRINIDAD",4165.179,0.7315701
1993,"TRINIDAD",3976.084,0.6578419
1995,"TRINIDAD",4222.832,0.7900159
1997,"TRINIDAD",4465.047,0.8217634
1965,"TUNISIA",885.9825,0.125054
1970,"TUNISIA",1003.621,0.1685196
1975,"TUNISIA",1373.455,0.1694885
1980,"TUNISIA",1640.85,0.2706767
1981,"TUNISIA",1686.065,0.2745836
1986,"TUNISIA",1691.546,0.4607625
1990,"TUNISIA",1822.87,0.5283227
1991,"TUNISIA",1851.99,0.5368577
1992,"TUNISIA",1955.836,0.6453545
1993,"TUNISIA",1961.593,0.6506582
1994,"TUNISIA",1992.298,0.5673363
1995,"TUNISIA",2008.037,0.6631315
1997,"TUNISIA",2203.353,0.7000543
1970,"TURKEY",1633.109,0.4489114
1975,"TURKEY",1897.932,0.4551405
1980,"TURKEY",1958.612,0.608376
1981,"TURKEY",2001.055,0.6194783
1982,"TURKEY",2021.969,0.6493062
1985,"TURKEY",2196.531,0.7191862
1986,"TURKEY",2308.458,0.7210731
1987,"TURKEY",2473.488,0.7347867
1988,"TURKEY",2471.708,0.7836867
1989,"TURKEY",2422.205,0.8507522
1990,"TURKEY",2589.091,0.8999929
1991,"TURKEY",2571.516,1
1992,"TURKEY",2679.534,1
1993,"TURKEY",2859.02,1
1994,"TURKEY",2654.082,1.100007
1995,"TURKEY",2810.688,1.1
1996,"TURKEY",2955.335,1.100008
1998,"TURKEY",3175.408,1.200006
1960,"UAR",359.6675,0.3913278
1965,"UAR",455.884,0.4347885
1970,"UAR",477.5778,0.5270021
1982,"UGANDA",235.8297,0.0458033
1984,"UGANDA",239.2378,0.044093
1989,"UGANDA",244.3087,0.0446442
1993,"UGANDA",269.0279,0.0400439
1960,"UK",9495.945,1.064995
1965,"UK",10674.7,1.150009
1970,"UK",11827.25,1.236411
1981,"UK",13981.5,1.635647
1983,"UK",14759.89,1.634922
1990,"UK",18080.68,1.500009
1991,"UK",17739.41,1.5
1992,"UK",17691.73,1.5
1993,"UK",18046.05,1.500009
1994,"UK",18771.83,1.6
1995,"UK",19225.67,1.600007
1996,"UK",19650.65,1.699993
1998,"UK",20718.44,1.700008
1999,"UK",21068.55,1.451104
1991,"UKRAINE",1803.858,4.323898
1992,"UKRAINE",1619.931,4.276083
1993,"UKRAINE",1388.794,4.407904
1994,"UKRAINE",1075.606,4.372027
1995,"UKRAINE",952.0649,4.463333
1960,"UPPER VOLTA",169.1306,0.0110151
1965,"UPPER VOLTA",177.5568,0.0135215
1970,"UPPER VOLTA",185.2798,0.0102965
1980,"UPPER VOLTA",207.5017,0.0182419
1981,"UPPER VOLTA",211.0808,0.0179393
1983,"UPPER VOLTA",220.7602,0.0174654
1960,"URUGUAY",3873.007,1.06383
1965,"URUGUAY",3817.984,1.136279
1970,"URUGUAY",4013.205,1.093305
1975,"URUGUAY",4292.24,1.111347
1981,"URUGUAY",5253.287,1.996589
1984,"URUGUAY",4124.811,1.925728
1985,"URUGUAY",4157.483,1.947491
1990,"URUGUAY",4870.318,3.679974
1992,"URUGUAY",5369.626,3.22594
1995,"URUGUAY",5701.731,3.559975
1996,"URUGUAY",5975.208,3.723936
1960,"US",13278.8,1.361591
1965,"US",15423.48,1.492535
1970,"US",17051.86,1.5762
1980,"US",20981.27,1.826014
1981,"US",21285.33,2.005857
1984,"US",22708.45,2.125305
1988,"US",25337.4,2.39509
1990,"US",26159.88,2.4
1991,"US",25751.34,2.500001
1992,"US",26233.96,2.499999
1993,"US",26610.48,2.499998
1994,"US",27342.57,2.599998
1995,"US",27712.99,2.6
1996,"US",28340.95,2.6
1997,"US",29230.86,2.700001
1998,"US",30134.71,2.700001
1999,"US",30845.19,2.151656
1970,"USSR",2049.976,2.901751
1975,"USSR",2648.057,3.494039
1979,"USSR",3054.531,3.919523
1980,"USSR",3163.348,4.033523
1981,"USSR",3233.429,4.143889
1982,"USSR",3335.279,4.255697
1984,"USSR",3507.653,4.419069
1985,"USSR",3550.126,4.4961
1987,"USSR",3609.342,4.646079
1988,"USSR",3747.389,4.686872
1989,"USSR",3796.255,4.723093
1990,"USSR",3668.189,4.059997
1991,"UZBEKISTAN",958.2327,3.368643
1992,"UZBEKISTAN",831.1118,3.361517
1993,"UZBEKISTAN",793.6777,3.331579
1994,"UZBEKISTAN",737.9202,3.308186
1995,"UZBEKISTAN",718.1295,3.256633
1999,"UZBEKISTAN",758.5446,2.821116
1980,"VANUATU",1426.078,0.1912046
1981,"VANUATU",1466.091,0.1886469
1986,"VANUATU",1596.334,0.2037736
1989,"VANUATU",1556.288,0.1254355
1991,"VANUATU",1413.548,0.0990099
1983,"VENDA",12571.43,0.65337
1960,"VENEZUELA",3720.485,0.6656551
1965,"VENEZUELA",4176.644,0.8151528
1970,"VENEZUELA",4305.889,0.8834064
1974,"VENEZUELA",4219.423,0.904157
1975,"VENEZUELA",4191.516,0.9041935
1976,"VENEZUELA",4358.322,0.9039629
1980,"VENEZUELA",3991.186,0.8296335
1981,"VENEZUELA",3865.891,0.995711
1982,"VENEZUELA",3686.792,0.8332821
1984,"VENEZUELA",3426.335,1.435812
1985,"VENEZUELA",3354.287,1.196231
1986,"VENEZUELA",3490.98,1.399204
1987,"VENEZUELA",3529.349,1.401092
1988,"VENEZUELA",3642.592,1.599734
1989,"VENEZUELA",3240.817,1.695394
1990,"VENEZUELA",3349.675,1.564352
1995,"VENEZUELA",3542.799,1.939983
1997,"VENEZUELA",3606.991,2.364051
1999,"VENEZUELA",3213.405,1.286877
1980,"WESTN SAMOA",974.4114,0.3612903
1981,"WESTN SAMOA",881.7657,0.4043127
1986,"WESTN SAMOA",964.2119,0.2795426
1989,"WESTN SAMOA",979.777,0.2074298
1992,"WESTN SAMOA",897.1849,0.3644
1975,"ZAIRE",349.4549,0.0355684
1979,"ZAIRE",281.3938,0.0725486
1987,"ZAIRE",262.2,0.0738898
1990,"ZAIRE",220.0622,0.0660814
1965,"ZAMBIA",752.2047,0.0877144
1970,"ZAMBIA",698.6484,0.0732872
1975,"ZAMBIA",679.5276,0.0741582
1980,"ZAMBIA",583.92,0.0756361
1981,"ZAMBIA",600.1887,0.1263753
1983,"ZAMBIA",537.187,0.1394819
1985,"ZAMBIA",512.2821,0.1408955
1990,"ZAMBIA",477.3903,0.0915982
1999,"ZAMBIA",388.72,0.0721572
1980,"ZIMBABWE",620.2356,0.1637894
1981,"ZIMBABWE",675.3264,0.1413677
1985,"ZIMBABWE",643.1468,0.1682895
1987,"ZIMBABWE",621.4012,0.1405905
1990,"ZIMBABWE",686.2386,0.1354263
1995,"ZIMBABWE",646.6237,0.1482154
1996,"ZIMBABWE",697.6614,0.1174152
