"Id","Name","Constituency","Party","IDSTR","FollowersCount","StatusesCount"
"ABridgen","Andrew Bridgen","North West Leicestershire","Conservative","309587728",13237,1174
"ACunninghamMP","Alex Cunningham","Stockton North","Labour","143739561",15510,12488
"AdamAfriyie","Adam Afriyie","Windsor","Conservative","22031058",9906,1501
"AdamHollowayMP","Adam Holloway","Gravesham","Conservative","3371427681",786,6
"Afzal4Gorton","Afzal Khan","Manchester, Gorton","Labour","202610289",13831,1690
"AJonesMP","Andrew Jones","Harrogate and Knaresborough","Conservative","806388620",10589,1289
"AlanBrownSNP","Alan Brown","Kilmarnock and Loudoun","Scottish National Party","3011043981",7486,3020
"alancampbellmp","Alan Campbell","Tynemouth","Labour","2601366250",2847,1521
"AlanDuncanMP","Alan Duncan","Rutland and Melton","Conservative","114704539",16739,758
"AlanMakMP","Alan Mak","Havant","Conservative","2157036506",5712,3837
"alanwhiteheadmp","Dr Alan Whitehead","Southampton, Test","Labour","389443487",6053,1302
"AlbertoCostaMP","Alberto Costa","South Leicestershire","Conservative","3005893073",3417,2078
"AlbertOwenMP","Albert Owen","Ynys Môn","Labour","1354610803",5522,13189
"AlecShelbrooke","Alec Shelbrooke","Elmet and Rothwell","Conservative","130092487",11253,7032
"ALewerMBE","Andrew Lewer","Northampton South","Conservative","3320682953",2334,1307
"alexburghart","Alex Burghart","Brentwood and Ongar","Conservative","22474050",2026,4105
"AlexChalkChelt","Alex Chalk","Cheltenham","Conservative","1407768792",4779,1175
"alexsobel","Alex Sobel","Leeds North West","Labour","15726425",7089,35554
"Alison_McGovern","Alison McGovern","Wirral South","Labour","21713090",33798,19632
"alisonthewliss","Alison Thewliss","Glasgow Central","Scottish National Party","116459535",15497,33838
"AlistairBurtUK","Alistair Burt","North East Bedfordshire","Conservative","986390774",15774,8348
"AlokSharma_RDG","Alok Sharma","Reading West","Conservative","1731554581",10687,3678
"AlunCairns","Alun Cairns","Vale of Glamorgan","Conservative","76650839",10797,8573
"amandamilling","Amanda Milling","Cannock Chase","Conservative","381433782",4665,1873
"AmberRuddHR","Amber Rudd","Hastings and Rye","Conservative","475884318",50995,3263
"andreajenkyns","Andrea Jenkyns","Morley and Outwood","Conservative","1350441445",8579,6150
"andrealeadsom","Andrea Leadsom","South Northamptonshire","Conservative","38281180",64383,4941
"Andrew4Pendle","Andrew Stephenson","Pendle","Conservative","131517399",18137,17564
"AndrewGriffiths","Andrew Griffiths","Burton","Conservative","222477026",13567,12366
"AndrewRosindell","Andrew Rosindell","Romford","Conservative","20132840",8596,2741
"AndrewSelous","Andrew Selous","South West Bedfordshire","Conservative","90646214",12404,1321
"AndyMcDonaldMP","Andy McDonald","Middlesbrough","Labour","927480949",18297,2444
"AngelaCrawley30","Angela Crawley","Lanark and Hamilton East","Scottish National Party","389421264",10501,6820
"angelaeagle","Angela Eagle","Wallasey","Labour","124270074",63062,13242
"AngelaRayner","Angela Rayner","Ashton-under-Lyne","Labour","222748037",77429,19651
"angelasmithmp","Angela Smith","Penistone and Stocksbridge","Labour","245745762",16389,11106
"AngusMacNeilSNP","Angus MacNeil","Na h-Eileanan an Iar","Scottish National Party","46609085",23577,77835
"Anna_Soubry","Anna Soubry","Broxtowe","Conservative","326184301",61904,8604
"annaturley","Anna Turley","Redcar","Labour","22398060",16202,41466
"AnnClwyd","Ann Clwyd","Cynon Valley","Labour","460338359",7170,1734
"anncoffey_mp","Ann Coffey","Stockport","Labour","558445037",8916,2005
"AnnelieseDodds","Anneliese Dodds","Oxford East","Labour","518660800",8167,4037
"AnneMarieMorris","Anne Marie Morris","Newton Abbot","Conservative","80968760",12579,2236
"AnneMilton","Anne Milton","Guildford","Conservative","312758175",12005,3833
"annietrev","Anne-Marie Trevelyan","Berwick-upon-Tweed","Conservative","20229729",6941,17561
"ANorrisMP","Alex Norris","Nottingham North","Labour","20142835",2972,8032
"AWMurrison","Dr Andrew Murrison","South West Wiltshire","Conservative","759067032",7251,3158
"BambosMP","Bambos Charalambous","Enfield, Southgate","Labour","102023574",4002,1440
"BarryGardiner","Barry Gardiner","Brent North","Labour","107722321",49533,9200
"BarryMcElduff","Barry McElduff","West Tyrone","Sinn Fein","114749134",16108,11866
"BarrySheerman","Barry Sheerman","Huddersfield","Labour","250091875",11845,41884
"BenMLake","Ben Lake","Ceredigion","Plaid Cymru","456537189",2923,2227
"BenPBradshaw","Ben Bradshaw","Exeter","Labour","24211594",47932,18941
"bernardjenkin","Bernard Jenkin","Harwich and North Essex","Conservative","222762589",17180,4614
"Bill_Esterson","Bill Esterson","Sefton Central","Labour","120720108",14503,19111
"BillCashMP","William Cash","Stone","Conservative","100520303",3593,103
"BimAfolami","Bim Afolami","Hitchin and Harpenden","Conservative","311956971",3301,1526
"BlaenauGwentMP","Nick Smith","Blaenau Gwent","Labour","532351874",6234,1463
"BobBlackman","Bob Blackman","Harrow East","Conservative","805185025",10175,21277
"BorisJohnson","Boris Johnson","Uxbridge and South Ruislip","Conservative","3131144855",400598,1138
"bphillipsonMP","Bridget Phillipson","Houghton and Sunderland South","Labour","19295262",18792,4081
"BrandonLewis","Brandon Lewis","Great Yarmouth","Conservative","16884084",26719,33657
"BrendanOHaraSNP","Brendan O'Hara","Argyll and Bute","Scottish National Party","2942626846",8489,1858
"BuryNorthLabour","James Frith","Bury North","Labour","2375470213",846,1170
"BVLabour","Ronnie Campbell","Blyth Valley","Labour","537216043",882,463
"BWallaceMP","Ben Wallace","Wyre and Preston North","Conservative","143405324",3728,2962
"cajardineMP","Christine Jardine","Edinburgh West","Liberal Democrat","87647640",3793,9154
"CarolineFlintMP","Caroline Flint","Don Valley","Labour","227023883",60307,19771
"CarolineLucas","Caroline Lucas","Brighton, Pavilion","Green Party","80802900",285855,18746
"carolinenokes","Caroline Nokes","Romsey and Southampton North","Conservative","209029473",8997,7942
"carolynharris24","Carolyn Harris","Swansea East","Labour","2406093795",10319,13466
"CatherineWest1","Catherine West","Hornsey and Wood Green","Labour","351812038",19861,18039
"CatMcKinnell","Catherine McKinnell","Newcastle upon Tyne North","Labour","77808680",18362,7869
"CatSmithMP","Cat Smith","Lancaster and Fleetwood","Labour","31756041",30643,9607
"CGreenUK","Chris Green","Bolton West","Conservative","1305528373",4701,8101
"CharlieElphicke","Charlie Elphicke","Dover","Conservative","54515428",12907,7529
"CherylGillan","Cheryl Gillan","Chesham and Amersham","Conservative","295807687",10352,7332
"chhcalling","Chris Heaton-Harris","Daventry","Conservative","80943076",14573,7651
"ChiOnwurah","Chi Onwurah","Newcastle upon Tyne Central","Labour","82093305",27044,22878
"ChrisEvansMP","Christopher Evans","Islwyn","Labour","3128468829",3803,1539
"ChrisHazzardSF","Christopher Hazzard","South Down","Sinn Fein","349075382",8892,10174
"ChrisLawSNP","Chris Law","Dundee West","Scottish National Party","2205165174",12318,7212
"ChrisLeslieMP","Chris Leslie","Nottingham East","Labour","354911386",23230,2723
"ChrisM4Chester","Christian Matheson","City of Chester","Labour","2472200292",7227,1242
"ChrisPincher","Christopher Pincher","Tamworth","Conservative","166598394",12338,9493
"ChrisRuane2017","Chris Ruane","Vale of Clwyd","Labour","608932775",3683,1004
"ChrisStephens","Chris Stephens","Glasgow South West","Scottish National Party","244540519",11200,10433
"ChukaUmunna","Chuka Umunna","Streatham","Labour","33300246",262371,27054
"cj_dinenage","Caroline Dinenage","Gosport","Conservative","383238347",11971,8332
"CliveEfford","Clive Efford","Eltham","Labour","393436815",10786,3700
"cmackinlay","Craig Mackinlay","South Thanet","Conservative","185790986",5745,3252
"CMonaghanSNP","Carol Monaghan","Glasgow North West","Scottish National Party","2916227068",11707,4424
"Colin_J_Clark","Colin Clark","Gordon","Conservative","3129059302",1194,206
"ConorBurnsUK","Conor Burns","Bournemouth West","Conservative","388250401",12632,5321
"ConorMcGinn","Conor McGinn","St Helens North","Labour","36158689",11039,2656
"coyleneil","Neil Coyle","Bermondsey and Old Southwark","Labour","248186795",13675,13284
"CPhilpOfficial","Chris Philp","Croydon South","Conservative","89307992",5289,3386
"CPJElmore","Chris Elmore","Ogmore","Labour","169898513",5417,12179
"craig4nwarks","Craig Tracey","North Warwickshire","Conservative","140020746",3975,11948
"CreweLabour","Laura Smith","Crewe and Nantwich","Labour","3657000197",774,614
"CrispinBlunt","Crispin Blunt","Reigate","Conservative","76579281",6394,986
"CSkidmoreUK","Chris Skidmore","Kingswood","Conservative","436576452",9255,2637
"CWhittakerMP","Craig Whittaker","Calder Valley","Conservative","593650130",7235,6494
"DamianCollins","Damian Collins","Folkestone and Hythe","Conservative","14758838",14403,7413
"DamianGreen","Damian Green","Ashford","Conservative","422184091",13917,3947
"DamianHinds","Damian Hinds","East Hampshire","Conservative","14561015",17836,2057
"DanCardenMP","Dan Carden","Liverpool, Walton","Labour","860188105982320644",6100,968
"DanielZeichner","Daniel Zeichner","Cambridge","Labour","454933267",16685,6543
"DaniRowley","Danielle Rowley","Midlothian","Labour","35791604",4806,12110
"DanJarvisMP","Dan Jarvis","Barnsley Central","Labour","240202308",61543,9827
"darrenpjones","Darren Jones","Bristol North West","Labour","20392734",8535,8707
"david_duguid","David Duguid","Banff and Buchan","Conservative","854280215601840128",649,205
"DavidCrausby","David Crausby","Bolton North East","Labour","1417840321",3549,2345
"DavidEDrew","David Drew","Stroud","Labour","47345180",4644,8113
"DavidEvennett","David Evennett","Bexleyheath and Crayford","Conservative","17298241",10321,900
"DavidGauke","David Gauke","South West Hertfordshire","Conservative","2230539338",11290,2325
"DavidHansonMP","David Hanson","Delyn","Labour","130154450",16448,11401
"DavidLammy","David Lammy","Tottenham","Labour","18020612",288586,13970
"DavidLinden","David Linden","Glasgow East","Scottish National Party","22505462",4689,12230
"davidmorrisml","David Morris","Morecambe and Lunesdale","Conservative","187632184",8778,4159
"DavidMundellDCT","David Mundell","Dumfriesshire, Clydesdale and Tweeddale","Conservative","19589280",12096,2340
"DavidRutley","David Rutley","Macclesfield","Conservative","606306570",8608,2257
"DavidSimpsonDUP","David Simpson","Upper Bann","Democratic Unionist Party","2709108427",2815,1097
"DavidTCDavies","David T. C. Davies","Monmouth","Conservative","550076077",9788,4018
"DawnButlerBrent","Dawn Butler","Brent Central","Labour","114505454",25779,14233
"Debbie_abrahams","Debbie Abrahams","Oldham East and Saddleworth","Labour","225857392",32997,28620
"DeidreBrock","Deidre Brock","Edinburgh North and Leith","Scottish National Party","425774290",8555,6660
"DerbyChrisW","Chris Williamson","Derby North","Labour","49682880",23061,2989
"DerekThomasUK","Derek Thomas","St Ives","Conservative","3252801106",1726,519
"DerekTwiggMP","Derek Twigg","Halton","Labour","2245759171",3418,583
"DesmondSwayne","Desmond Swayne","New Forest West","Conservative","1633543440",3680,579
"DianaJohnsonMP","Diana Johnson","Kingston upon Hull North","Labour","68659708",20792,28890
"DJWarburton","David Warburton","Somerton and Frome","Conservative","164208335",10702,5359
"DKShrewsbury","Daniel Kawczynski","Shrewsbury and Atcham","Conservative","2286550590",9634,6585
"DLidington","David Lidington","Aylesbury","Conservative","496278040",18929,8673
"DougChapmanSNP","Douglas Chapman","Dunfermline and West Fife","Scottish National Party","251783210",8685,9836
"Douglas4Moray","Douglas Ross","Moray","Conservative","2890801661",4317,3271
"Dr_PhilippaW","Dr Philippa Whitford","Central Ayrshire","Scottish National Party","2932558313",14122,10603
"drcarolinej","Dr Caroline Johnson","Sleaford and North Hykeham","Conservative","797021745563766785",1993,293
"drewhendrySNP","Drew Hendry","Inverness, Nairn, Badenoch and Strathspey","Scottish National Party","252077991",9118,23281
"DrPhillipLeeMP","Dr Phillip Lee","Bracknell","Conservative","328576792",11502,2798
"DrRosena","Dr Rosena Allin-Khan","Tooting","Labour","2382227424",28381,4331
"Dunne4Ludlow","Philip Dunne","Ludlow","Conservative","1650144662",6168,1222
"eastantrimmp","Sammy Wilson","East Antrim","Democratic Unionist Party","2979630241",5090,1127
"Ed_Miliband","Edward Miliband","Doncaster North","Labour","61781260",749766,5707
"EddieHughes4WN","Eddie Hughes","Walsall North","Conservative","857669618772713473",1443,1232
"edvaizey","Edward Vaizey","Wantage","Conservative","18096679",37330,22189
"EdwardJDavey","Edward Davey","Kingston and Surbiton","Liberal Democrat","1179455215",14744,2633
"EdwardLeighMP","Edward Leigh","Gainsborough","Conservative","474180693",3429,560
"Eleanor_SmithMP","Eleanor Smith","Wolverhampton South West","Labour","2364208508",4363,1271
"eleanor4epping","Eleanor Laing","Epping Forest","Conservative","3031080322",991,187
"ElectNigel","Nigel Evans","Ribble Valley","Conservative","121070777",145,43
"ElishaMcC_SF","Elisha McCallion","Foyle","Sinn Fein","124154899",4003,2044
"elliereeves","Ellie Reeves","Lewisham West and Penge","Labour","52124856",11311,2693
"EmilyThornberry","Emily Thornberry","Islington South and Finsbury","Labour","164226176",90916,14931
"emmadentcoad","Emma Dent Coad","Kensington","Labour","244489735",10321,11325
"EmmaHardyMP","Emma Hardy","Kingston upon Hull West and Hessle","Labour","499590887",10802,55890
"EmmaLewellBuck","Emma Lewell-Buck","South Shields","Labour","737066858",13104,14994
"EmmaReynoldsMP","Emma Reynolds","Wolverhampton North East","Labour","32965648",20176,6012
"EstherMcVey1","Esther McVey","Tatton","Conservative","761499948890329088",5217,877
"FabianLeedsNE","Fabian Hamilton","Leeds North East","Labour","859433240452583424",1142,532
"FaisalRashid6","Faisal Rashid","Warrington South","Labour","398240997",2186,1863
"FionaOnasanyaMP","Fiona Onasanya","Peterborough","Labour","42977873",3846,936
"FitzMP","Jim Fitzpatrick","Poplar and Limehouse","Labour","858023803",11240,7065
"FrancieMolloy","Francie Molloy","Mid Ulster","Sinn Fein","1006402848",4929,721
"frankfieldteam","Frank Field","Birkenhead","Labour","20688804",18115,1503
"Freeman_George","George Freeman","Mid Norfolk","Conservative","101712079",19914,26325
"gareth_snell","Gareth Snell","Stoke-on-Trent Central","Labour","63111042",5478,22679
"GarethThomasMP","Gareth Thomas","Harrow West","Labour","219976700",11250,10122
"garystreeterSWD","Gary Streeter","South West Devon","Conservative","4785228995",1448,659
"gavinshuker","Gavin Shuker","Luton South","Labour","14567982",10949,9209
"GavinWilliamson","Gavin Williamson","South Staffordshire","Conservative","368314502",13951,950
"GavNewlandsSNP","Gavin Newlands","Paisley and Renfrewshire North","Scottish National Party","140604687",8330,11936
"Gedk","Gerard Killen","Rutherglen and Hamilton West","Labour","20441118",3082,17279
"Geoffrey4CovNW","Geoffrey Robinson","Coventry North West","Labour","856796146790006784",644,295
"GeraintDaviesMP","Geraint Davies","Swansea West","Labour","144791011",10955,3819
"GeraldJonesLAB","Gerald Jones","Merthyr Tydfil and Rhymney","Labour","496060628",5369,7554
"gildernewm","Michelle Gildernew","Fermanagh and South Tyrone","Sinn Fein","127619354",14207,13772
"GilesWatling","Giles Watling","Clacton","Conservative","37891233",1636,1328
"GillFurnissMP","Gill Furniss","Sheffield, Brightside and Hillsborough","Labour","700732124299714561",3211,1902
"GillianKeegan","Gillian Keegan","Chichester","Conservative","2986235404",2171,1289
"GloriaDePiero","Gloria De Piero","Ashfield","Labour","162472533",47163,14218
"GlynDavies","Glyn Davies","Montgomeryshire","Conservative","373442908",6341,9383
"GordonMarsden","Gordon Marsden","Blackpool South","Labour","1114522266",6648,11520
"GradySNP","Patrick Grady","Glasgow North","Scottish National Party","3000261466",10189,4402
"grahamemorris","Grahame Morris","Easington","Labour","58821256",25388,35669
"GrahamJones_MP","Graham Jones","Hyndburn","Labour","260824465",8615,13184
"grahamstuart","Graham Stuart","Beverley and Holderness","Conservative","14395178",10734,3663
"grantshapps","Grant Shapps","Welwyn Hatfield","Conservative","14104027",88466,8469
"GregClarkMP","Greg Clark","Tunbridge Wells","Conservative","224655400",23854,790
"GregHands","Greg Hands","Chelsea and Fulham","Conservative","125270251",21448,22627
"GregKnight","Greg Knight","East Yorkshire","Conservative","15453062",6099,2396
"GRobinsonDUP","Gavin Robinson","Belfast East","Democratic Unionist Party","249845912",10078,8666
"GutoAberconwy","Guto Bebb","Aberconwy","Conservative","752820350371717120",873,636
"GuyOpperman","Guy Opperman","Hexham","Conservative","143386976",10779,12126
"GwynneMP","Andrew Gwynne","Denton and Reddish","Labour","54351001",31102,61125
"HackneyAbbott","Diane Abbott","Hackney North and Stoke Newington","Labour","153810216",194310,34334
"halfon4harlowMP","Robert Halfon","Harlow","Conservative","19758148",26244,40041
"hammersmithandy","Andy Slaughter","Hammersmith","Labour","66078636",22739,19511
"HannahB4LiviMP","Hannah Bardell","Livingston","Scottish National Party","2981900049",12861,12476
"hbaldwin","Harriett Baldwin","West Worcestershire","Conservative","19177609",16913,12027
"HeatherWheeler","Heather Wheeler","South Derbyshire","Conservative","21744895",11785,1874
"heidi_mp","Heidi Alexander","Lewisham East","Labour","389434876",37278,9807
"heidiallen75","Heidi Allen","South Cambridgeshire","Conservative","426116125",21730,8710
"Helen_Whately","Helen Whately","Faversham and Mid Kent","Conservative","130280613",4097,1862
"HelenGoodmanMP","Helen Goodman","Bishop Auckland","Labour","277496722",16309,12315
"HelenGrantMP","Helen Grant","Maidstone and The Weald","Conservative","24727170",14933,3926
"helenhayes_","Helen Hayes","Dulwich and West Norwood","Labour","261886643",11484,7843
"HelenJonesMP","Helen Jones","Warrington North","Labour","989710268",6623,4210
"HenrySmithUK","Henry Smith","Crawley","Conservative","873819098",8599,13574
"hgaffney48","Hugh Gaffney","Coatbridge, Chryston and Bellshill","Labour","1026135084",721,163
"hilarybennmp","Hilary Benn","Leeds Central","Labour","408454349",79989,4237
"HuddlestonNigel","Nigel Huddleston","Mid Worcestershire","Conservative","568249574",5598,3458
"HugoSwire","Hugo Swire","East Devon","Conservative","903985238",16637,5986
"HuwMerriman","Huw Merriman","Bexhill and Battle","Conservative","2902930059",4460,1681
"HywelPlaidCymru","Hywel Williams","Arfon","Plaid Cymru","21188077",6482,11944
"iainastewart","Iain Stewart","Milton Keynes South","Conservative","100260784",11818,2188
"IainSimpson","Keith Simpson","Broadland","Conservative","14087783",1310,5560
"IanAustinMP","Ian Austin","Dudley North","Labour","261782937",15935,18207
"IanBlackfordMP","Ian Blackford","Ross, Skye and Lochaber","Scottish National Party","1325563478",10264,7717
"IanCLucas","Ian C. Lucas","Wrexham","Labour","121762421",9774,20202
"IanLaveryMP","Ian Lavery","Wansbeck","Labour","300872531",28367,3249
"IanMearnsMP","Ian Mearns","Gateshead","Labour","624746312",19774,16509
"IanMurrayMP","Ian Murray","Edinburgh South","Labour","77981490",16958,7585
"ianpaisleymp","Ian Paisley","North Antrim","Democratic Unionist Party","2565276954",14183,6910
"Imran_HussainMP","Imran Hussain","Bradford East","Labour","2979642791",9971,2317
"IoWBobSeely","Bob Seely","Isle of Wight","Conservative","713022379065221121",1394,1415
"IvanLewis_MP","Ivan Lewis","Bury South","Labour","249709671",14147,6265
"J_Donaldson_MP","Jeffrey M. Donaldson","Lagan Valley","Democratic Unionist Party","277499481",12564,4107
"JackDromeyMP","Jack Dromey","Birmingham, Erdington","Labour","387054267",19722,10590
"JackieDP","Jackie Doyle-Price","Thurrock","Conservative","38671387",4744,3398
"JackLopresti","Jack Lopresti","Filton and Bradley Stoke","Conservative","1067829343",3943,1106
"Jacob_Rees_Mogg","Jacob Rees-Mogg","North East Somerset","Conservative","885838630928994304",91158,78
"JakeBerry","Jake Berry","Rossendale and Darwen","Conservative","217148014",13809,5389
"JamesCleverly","James Cleverly","Braintree","Conservative","14077382",27266,20174
"JamesDuddridge","James Duddridge","Rochford and Southend East","Conservative","124170781",12441,5508
"JamesMorris","James Morris","Halesowen and Rowley Regis","Conservative","155892458",5863,2467
"JamieHWStone","Jamie Stone","Caithness, Sutherland and Easter Ross","Liberal Democrat","4210164801",116,7
"jarrowstevemp","Stephen Hepburn","Jarrow","Labour","2808847414",2310,422
"JBrokenshire","James Brokenshire","Old Bexley and Sidcup","Conservative","92498317",18012,2001
"jc4southsuffolk","James Cartlidge","South Suffolk","Conservative","2776689260",4500,2324
"JDjanogly","Jonathan Djanogly","Huntingdon","Conservative","131120978",11369,1955
"JeffSmithetc","Jeff Smith","Manchester, Withington","Labour","18951643",6323,6410
"JennyChapman","Jenny Chapman","Darlington","Labour","20856796",15740,12114
"Jeremy_Hunt","Jeremy Hunt","South West Surrey","Conservative","112398730",109882,3064
"jeremycorbyn","Jeremy Corbyn","Islington North","Labour","117777690",1690843,9193
"JeremyLefroy","Jeremy Lefroy","Stafford","Conservative","417975170",8374,3694
"Jesse_Norman","Jesse Norman","Hereford and South Herefordshire","Conservative","78702900",20822,10276
"jessicamordenmp","Jessica Morden","Newport East","Labour","43312141",7671,2369
"jessphillips","Jess Phillips","Birmingham, Yardley","Labour","20000725",72015,45263
"JGray","James Gray","North Wiltshire","Conservative","86192099",11122,770
"JHowellUK","John Howell","Henley","Conservative","993161678",3723,3098
"jimforcovsouth","Jim Cunningham","Coventry South","Labour","842014278739734529",817,512
"JimfromOldham","Jim McMahon","Oldham West and Royton","Labour","154661114",17364,13043
"JimShannonMP","Jim Shannon","Strangford","Democratic Unionist Party","4104745522",1319,557
"joannaccherry","Joanna Cherry QC","Edinburgh South West","Scottish National Party","2583270112",22890,11214
"joanryanEnfield","Joan Ryan","Enfield North","Labour","167867714",7938,2947
"Jochurchill4","Jo Churchill","Bury St Edmunds","Conservative","2855674449",5213,1943
"John2Win","John Lamont","Berwickshire, Roxburgh and Selkirk","Conservative","130133607",5317,3676
"JohnCryerMP","John Cryer","Leyton and Wanstead","Labour","2979904613",2812,530
"JohnGlenUK","John Glen","Salisbury","Conservative","36664451",16615,1781
"JohnHealey_MP","John Healey","Wentworth and Dearne","Labour","376161322",20801,3134
"JohnMannMP","John Mann","Bassetlaw","Labour","357805905",22445,7774
"johnmcdonnellMP","John McDonnell","Hayes and Harlington","Labour","77234984",141485,8077
"JohnnyMercerUK","Johnny Mercer","Plymouth, Moor View","Conservative","97402576",23636,14218
"johnredwood","John Redwood","Wokingham","Conservative","93880122",31262,4111
"JoJohnsonUK","Joseph Johnson","Orpington","Conservative","237700394",22501,1885
"jon_trickett","Jon Trickett","Hemsworth","Labour","191807697",17034,8351
"JonAshworth","Jonathan Ashworth","Leicester South","Labour","143212610",44010,22063
"JonathanLord","Jonathan Lord","Woking","Conservative","2787943494",668,2
"JonathanPlaid","Jonathan Edwards","Carmarthen East and Dinefwr","Plaid Cymru","77240489",8848,35711
"JonCruddas_1","Jon Cruddas","Dagenham and Rainham","Labour","499781930",18457,1623
"JoPlattMP","Jo Platt","Leigh","Labour","56657187",5530,1659
"JoStevensLabour","Jo Stevens","Cardiff Central","Labour","1328897358",16181,25033
"joswinson","Jo Swinson","East Dunbartonshire","Liberal Democrat","14933304",33265,21438
"jreynoldsMP","Jonathan Reynolds","Stalybridge and Hyde","Labour","18632946",30832,29301
"JSHeappey","James Heappey","Wells","Conservative","446633079",5200,1949
"JudithCummins","Judith Cummins","Bradford South","Labour","401568431",8241,2374
"julianknight15","Julian Knight","Solihull","Conservative","1271714653",4659,11204
"JulianSmithUK","Julian Smith","Skipton and Ripon","Conservative","728039018",10400,6404
"JulieElliottMP","Julie Elliott","Sunderland Central","Labour","776022362",12450,3323
"JulieForBurnley","Julie Cooper","Burnley","Labour","97648525",5646,3482
"JustineGreening","Justine Greening","Putney","Conservative","932446861",65794,3062
"justinmadders","Justin Madders","Ellesmere Port and Neston","Labour","2999868527",8801,8793
"JWhittingdale","John Whittingdale","Maldon","Conservative","129569947",6756,146
"JWoodcockMP","John Woodcock","Barrow and Furness","Labour","35305401",31899,21476
"KarenLeeMP","Karen Lee","Lincoln","Labour","873940895271452672",4622,2083
"KarenPBuckMP","Karen Buck","Westminster North","Labour","259215762",11668,15856
"karinsmyth","Karin Smyth","Bristol South","Labour","485146783",6854,10684
"KarlTurnerMP","Karl Turner","Kingston upon Hull East","Labour","432396682",22570,70237
"Kate_HollernMP","Kate Hollern","Blackburn","Labour","191074455",4931,3802
"KateGreenSU","Kate Green","Stretford and Urmston","Labour","105838665",28971,10639
"KateHoeyMP","Kate Hoey","Vauxhall","Labour","1284146730",25055,3359
"KateOsamor","Kate Osamor","Edmonton","Labour","415910519",17784,24662
"KeeleyMP","Barbara Keeley","Worsley and Eccles South","Labour","331178901",17950,32630
"KeighleyLabour","John Grogan","Keighley","Labour","913196785",1402,728
"Keir_Starmer","Keir Starmer","Holborn and St Pancras","Labour","2425571623",82504,2642
"Keith_Vaz_MP","Keith Vaz","Leicester East","Labour","772723184311336960",349,0
"KellyTolhurst","Kelly Tolhurst","Rochester and Strood","Conservative","218789670",7097,1921
"KemiBadenoch","Kemi Badenoch","Saffron Walden","Conservative","4010545737",7895,509
"KerryMP","Kerry McCarthy","Bristol East","Labour","18099795",30296,57525
"KevanJonesMP","Kevan Jones","North Durham","Labour","815306454",16909,10631
"kevin_j_foster","Kevin Foster","Torbay","Conservative","43865757",4189,26269
"KevinBarronMP","Kevin Barron","Rother Valley","Labour","2757416225",2859,953
"KevinBrennanMP","Kevin Brennan","Cardiff West","Labour","21746513",16955,15065
"kevinhollinrake","Kevin Hollinrake","Thirsk and Malton","Conservative","49619469",6690,5611
"khalid4PB","Khalid Mahmood","Birmingham, Perry Barr","Labour","3030160806",3056,2365
"Kirstene4Angus","Kirstene Hair","Angus","Conservative","701064119370326016",2610,546
"KirstySNP","Kirsty Blackman","Aberdeen North","Scottish National Party","2616215901",10820,10742
"kitmalthouse","Kit Malthouse","North West Hampshire","Conservative","19407599",5485,2231
"KwasiKwarteng","Kwasi Kwarteng","Spelthorne","Conservative","707967655031005186",4219,211
"labourlewis","Clive Lewis","Norwich South","Labour","36924726",61441,16913
"LabourSJ","Sarah Jones","Croydon Central","Labour","1337725045",7073,5877
"LauraPidcockMP","Laura Pidcock","North West Durham","Labour","251821643",33043,3194
"Lee4NED","Lee Benjamin Rowley","North East Derbyshire","Conservative","1216506050",1510,1340
"leicesterliz","Liz Kendall","Leicester West","Labour","105800463",77658,14332
"LeoDochertyUK","Leo Docherty","Aldershot","Conservative","562385310",1571,1013
"LesleyLaird","Lesley Laird","Kirkcaldy and Cowdenbeath","Labour","1949509532",2567,5841
"LiamByrneMP","Liam Byrne","Birmingham, Hodge Hill","Labour","27212119",28550,8271
"LiamFox","Dr Liam Fox","North Somerset","Conservative","532241033",47667,3025
"LilianGreenwood","Lilian Greenwood","Nottingham South","Labour","20148039",20845,20911
"LindsayHoyle_MP","Lindsay Hoyle","Chorley","Labour","609096352",10833,2427
"lisanandy","Lisa Nandy","Wigan","Labour","94701778",48045,3993
"little_pengelly","Emma Little-Pengelly","Belfast South","Democratic Unionist Party","3711094521",7442,4909
"lloyd_rm","Lloyd Russell-Moyle","Brighton, Kemptown","Labour","38880112",5398,4826
"LouHaigh","Louise Haigh","Sheffield, Heeley","Labour","143508762",19111,11815
"LouiseEllman","Louise Ellman","Liverpool, Riverside","Labour","77224096",23256,821
"LSRPlaid","Liz Saville-Roberts","Dwyfor Meirionnydd","Plaid Cymru","2350624098",5213,7790
"lucianaberger","Luciana Berger","Liverpool, Wavertree","Labour","20992801",67143,20910
"lucyallan","Lucy Allan","Telford","Conservative","16134235",8248,11614
"LucyMPowell","Lucy Powell","Manchester Central","Labour","32439211",36001,20280
"LukeGrahamMP","Luke Graham","Ochil and South Perthshire","Conservative","3072168695",2560,2579
"LukePollard","Luke Pollard","Plymouth, Sutton and Devonport","Labour","10955042",12728,30276
"lynbrownmp","Lyn Brown","West Ham","Labour","1478483473",8617,17660
"MadeleineMoon","Madeleine Moon","Bridgend","Labour","131862459",6766,3011
"Marcus4Nuneaton","Marcus Jones","Nuneaton","Conservative","1469686752",5907,3613
"MarcusFysh","Marcus Fysh","Yeovil","Conservative","1655569938",4552,5295
"margarethodge","Margaret Hodge","Barking","Labour","111411358",24768,2121
"margot_james_mp","Margot James","Stourbridge","Conservative","70796349",16217,6164
"mariacaulfield","Maria Caulfield","Lewes","Conservative","207697553",9763,11103
"marionfellows","Marion Fellows","Motherwell and Wishaw","Scottish National Party","79550633",6740,2602
"Mark_J_Harper","Mark Harper","Forest of Dean","Conservative","429751008",8119,1404
"Mark_Spencer","Mark Spencer","Sherwood","Conservative","154943205",10891,4422
"Mark4WyreForest","Mark Garnier","Wyre Forest","Conservative","20226550",10738,4217
"MarkFieldUK","Mark Field","Cities of London and Westminster","Conservative","81857654",10428,1419
"MarkLancasterMK","Mark Lancaster","Milton Keynes North","Conservative","175005016",7745,3029
"MarkPawsey","Mark Pawsey","Rugby","Conservative","52412027",4619,3716
"MarkTamiMP","Mark Tami","Alyn and Deeside","Labour","2278921206",4687,1648
"Marshadecordova","Marsha de Cordova","Battersea","Labour","189280488",12526,6885
"MartinVickers","Martin Vickers","Cleethorpes","Conservative","831250927",6593,424
"MartWhitfieldMP","Martin Whitfield","East Lothian","Labour","813691526",2007,3852
"MartynDaySNP","Martyn Day","Linlithgow and East Falkirk","Scottish National Party","92091625",6645,2440
"MaryCreaghMP","Mary Creagh","Wakefield","Labour","169864622",32746,14077
"MaryRobinson01","Mary Robinson","Cheadle","Conservative","1048278487",4943,1036
"MattHancock","Matthew Hancock","West Suffolk","Conservative","19825835",34342,12827
"MattRodda","Matt Rodda","Reading East","Labour","216516145",2582,2186
"mattwarman","Matt Warman","Boston and Skegness","Conservative","17685009",16168,10501
"MattWestern_","Matt Western","Warwick and Leamington","Labour","243306810",2488,3501
"meaglemp","Maria Eagle","Garston and Halewood","Labour","192935794",39008,12046
"Meg_HillierMP","Meg Hillier","Hackney South and Shoreditch","Labour","297967419",15313,3779
"Metcalfe_SBET","Stephen Metcalfe","South Basildon and East Thurrock","Conservative","435980092",3913,2924
"MGreenwoodWW","Margaret Greenwood","Wirral West","Labour","1464467370",9262,7362
"MhairiBlack","Mhairi Black","Paisley and Renfrewshire South","Scottish National Party","120236641",120896,3490
"Michael_Ellis1","Michael Ellis","Northampton North","Conservative","19858924",7445,1808
"Michael4MDNP","Michael Tomlinson","Mid Dorset and North Poole","Conservative","200519122",4084,3306
"michaelgove","Michael Gove","Surrey Heath","Conservative","748453510048518145",46968,2746
"michelledonelan","Michelle Donelan","Chippenham","Conservative","116864791",7742,7742
"MickeyBradySF","Mickey Brady","Newry and Armagh","Sinn Fein","2982986710",3118,4853
"Mike_Fabricant","Michael Fabricant","Lichfield","Conservative","19058678",27858,47302
"MikeAmesbury","Mike Amesbury","Weaver Vale","Labour","20325923",4660,23637
"MikeGapes","Mike Gapes","Ilford South","Labour","15672615",21866,64350
"mikejwood","Mike Wood","Dudley South","Conservative","14728535",2978,3215
"MikeKaneMP","Mike Kane","Wythenshawe and Sale East","Labour","71777646",7882,5195
"mimsdavies","Mims Davies","Eastleigh","Conservative","236588290",5512,13420
"morton_wendy","Wendy Morton","Aldridge-Brownhills","Conservative","813678139",4452,1511
"MpHendrick","Mark Hendrick","Preston","Labour","1302003805",2816,1659
"MPphilwilson","Phil Wilson","Sedgefield","Labour","270926830",14247,7326
"MPritchardUK","Mark Pritchard","The Wrekin","Conservative","804596460",8062,2775
"mtpennycook","Matthew Pennycook","Greenwich and Woolwich","Labour","21084719",11400,14534
"nadhimzahawi","Nadhim Zahawi","Stratford-on-Avon","Conservative","121127090",23216,18177
"NadineDorries","Nadine Dorries","Mid Bedfordshire","Conservative","457060718",37625,23070
"NazShahBfd","Naz Shah","Bradford West","Labour","355623405",22830,6772
"neil_parish","Neil Parish","Tiverton and Honiton","Conservative","3164087579",2839,1492
"NeilDotObrien","Neil O'Brien","Harborough","Conservative","64679759",6492,320
"NeilGrayMP","Neil Gray","Airdrie and Shotts","Scottish National Party","287212988",7617,12862
"neill_bob","Robert Neill","Bromley and Chislehurst","Conservative","2271025438",6195,10003
"NiaGriffithMP","Nia Griffith","Llanelli","Labour","481120639",12000,1896
"NicDakinMP","Nic Dakin","Scunthorpe","Labour","93860818",15030,25770
"NickBoles","Nick Boles","Grantham and Stamford","Conservative","1548391070",13877,1014
"NickGibbUK","Nick Gibb","Bognor Regis and Littlehampton","Conservative","3036280263",9747,978
"nickherbertmp","Nick Herbert","Arundel and South Downs","Conservative","111013369",14618,3730
"NickHurdUK","Nick Hurd","Ruislip, Northwood and Pinner","Conservative","144929619",18678,6324
"NickTorfaenMP","Nick Thomas-Symonds","Torfaen","Labour","3092429597",6029,4698
"NickyMorgan01","Nicky Morgan","Loughborough","Conservative","34940114",51819,9365
"NigelDoddsDUP","Nigel Dodds","Belfast North","Democratic Unionist Party","104845115",13700,2916
"nigelmills","Nigel Mills","Amber Valley","Conservative","995322806",2668,865
"normanlamb","Norman Lamb","North Norfolk","Liberal Democrat","19973305",39193,22171
"NorwichChloe","Chloe Smith","Norwich North","Conservative","386776248",14740,3715
"NSoames","Nicholas Soames","Mid Sussex","Conservative","2363670413",30767,16677
"Nus_Ghani","Nusrat Ghani","Wealden","Conservative","1513382018",7517,8788
"Offord4Hendon","Matthew Offord","Hendon","Conservative","236395049",6237,1029
"oletwinofficial","Oliver Letwin","West Dorset","Conservative","173421592",4578,275
"OliverHealdUK","Oliver Heald QC","North East Hertfordshire","Conservative","206263631",3906,3359
"OnnMel","Melanie Onn","Great Grimsby","Labour","254193620",12151,16011
"OwenPaterson","Owen Paterson","North Shropshire","Conservative","2660755152",9778,2095
"OwenSmith_MP","Owen Smith","Pontypridd","Labour","388299335",55004,7545
"patel4witham","Priti Patel","Witham","Conservative","61660254",38598,2328
"patmcfaddenmp","Pat McFadden","Wolverhampton South East","Labour","25091518",17751,7685
"Patrick4Dales","Patrick McLoughlin","Derbyshire Dales","Conservative","3144626321",5165,411
"paulasherriff","Paula Sherriff","Dewsbury","Labour","29169821",15264,13628
"PaulBlomfieldMP","Paul Blomfield","Sheffield Central","Labour","377319290",15142,4969
"PaulFlynnMP","Paul Flynn","Newport West","Labour","84563846",21690,11332
"PaulGirvanMP","Paul Girvan","South Antrim","Democratic Unionist Party","1374937922",3686,3187
"Pauline_Latham","Pauline Latham","Mid Derbyshire","Conservative","19087569",12067,2734
"PaulJSweeney","Paul Sweeney","Glasgow North East","Labour","83483361",5347,17604
"PaulMaskeyMP","Paul Maskey","Belfast West","Sinn Fein","80812413",12926,20728
"PaulMaynardUK","Paul Maynard","Blackpool North and Cleveleys","Conservative","15133808",17508,4086
"peter_aldous","Peter Aldous","Waveney","Conservative","255998767",7703,1217
"Peter_Dowd","Peter Dowd","Bootle","Labour","883173469",7323,3641
"PeterBoneUK","Peter Bone","Wellingborough","Conservative","871469846",13809,2235
"PeterGrantMP","Peter Grant","Glenrothes","Scottish National Party","3028314515",7606,22166
"peterkyle","Peter Kyle","Hove","Labour","21769986",14133,11285
"PeterNorthDevon","Peter Heaton-Jones","North Devon","Conservative","1227716558",3321,4512
"PeteWishart","Pete Wishart","Perth and North Perthshire","Scottish National Party","276868661",33750,26138
"PGibsonSNP","Patricia Gibson","North Ayrshire and Arran","Scottish National Party","3030111953",7910,2951
"PhilipDaviesUK","Philip Davies","Shipley","Conservative","125312818",18024,14734
"PhilipHammondUK","Philip Hammond","Runnymede and Weybridge","Conservative","2653613168",81149,1504
"PompeyToryParty","Penny Mordaunt","Portsmouth North","Conservative","2706402844",494,1712
"pow_rebecca","Rebecca Pow","Taunton Deane","Conservative","371201577",5928,4104
"PreetKGillMP","Preet Gill","Birmingham, Edgbaston","Labour","620007630",10206,17022
"PriskMark","Mark Prisk","Hertford and Stortford","Conservative","463888230",5444,3074
"RachaelMaskell","Rachael Maskell","York Central","Labour","80151292",16348,7335
"RachelReevesMP","Rachel Reeves","Leeds West","Labour","34374472",73957,17239
"RebeccaHarrisMP","Rebecca Harris","Castle Point","Conservative","515520108",4438,9096
"Rees4Neath","Christina Rees","Neath","Labour","1351389578",7092,12850
"Rehman_Chishti","Rehman Chishti","Gillingham and Rainham","Conservative","2863865170",10867,2542
"RhonddaBryant","Chris Bryant","Rhondda","Labour","20995648",54341,53916
"Richard4Watford","Richard Harrington","Watford","Conservative","60738400",10739,1968
"RichardBenyonMP","Richard Benyon","Newbury","Conservative","119074643",14497,3652
"RichardBurdenMP","Richard Burden","Birmingham, Northfield","Labour","253490735",15327,20448
"RichardBurgon","Richard Burgon","Leeds East","Labour","545081356",44638,10810
"RichardGrahamUK","Richard Graham","Gloucester","Conservative","1530621674",7209,7172
"RLong_Bailey","Rebecca Long-Bailey","Salford and Eccles","Labour","385306338",32840,1701
"robertabwMP","Dr Roberta Blackman-Woods","City of Durham","Labour","173089105",16704,8062
"RobertBuckland","Robert Buckland","South Swindon","Conservative","14284260",15120,11836
"robertcourts","Robert Courts","Witney","Conservative","20238327",3767,6667
"RobertJenrick","Robert Jenrick","Newark","Conservative","2323710210",6540,3336
"RobertSyms","Robert Syms","Poole","Conservative","2202981242",3880,4671
"RogerGodsiff","Roger Godsiff","Birmingham, Hall Green","Labour","236953412",9452,899
"ronniecowan","Ronnie Cowan","Inverclyde","Scottish National Party","132490359",7141,12999
"RoryStewartUK","Rory Stewart","Penrith and The Border","Conservative","131926473",35329,6534
"rosie4westlancs","Rosie Cooper","West Lancashire","Labour","110767433",8976,1942
"RosieDuffield1","Rosie Duffield","Canterbury","Labour","2528020694",7149,9794
"RossThomson_MP","Ross Thomson","Aberdeen South","Conservative","539849453",5262,11794
"Royston_Smith","Royston Smith","Southampton, Itchen","Conservative","75562171",3741,6698
"RupaHuq","Dr Rupa Huq","Ealing Central and Acton","Labour","706747004",26006,8879
"rushanaraali","Rushanara Ali","Bethnal Green and Bow","Labour","245849058",25916,5453
"RuthCadbury","Ruth Cadbury","Brentford and Isleworth","Labour","108654496",13516,10105
"RuthSmeeth","Ruth Smeeth","Stoke-on-Trent North","Labour","20428671",9499,5648
"S_Hammond","Stephen Hammond","Wimbledon","Conservative","47916280",8925,4734
"sajidjavid","Sajid Javid","Bromsgrove","Conservative","20052899",48576,5441
"SamGyimah","Sam Gyimah","East Surrey","Conservative","55253731",21510,6230
"Sandbach","Antoinette Sandbach","Eddisbury","Conservative","92759618",7330,17170
"sandyofipswich","Sandy Martin","Ipswich","Labour","833460300",3820,3415
"SarahChampionMP","Sarah Champion","Rotherham","Labour","948015937",35065,32118
"sarahwollaston","Sarah Wollaston","Totnes","Conservative","460401829",42291,12527
"SCrabbPembs","Stephen Crabb","Preseli Pembrokeshire","Conservative","810372954",22090,3815
"scullyp","Paul Scully","Sutton and Cheam","Conservative","17484283",6804,10890
"SDoughtyMP","Stephen Doughty","Cardiff South and Penarth","Labour","622426905",16086,14084
"SeemaKennedy","Seema Kennedy","South Ribble","Conservative","89698876",5551,6784
"SeemaMalhotra1","Seema Malhotra","Feltham and Heston","Labour","32369044",20252,13058
"ShabanaMahmood","Shabana Mahmood","Birmingham, Ladywood","Labour","407741330",16845,2919
"SharonHodgsonMP","Sharon Hodgson","Washington and Sunderland West","Labour","200700960",23344,22240
"sheryllmurray","Sheryll Murray","South East Cornwall","Conservative","18627119",11832,4166
"Simon4NDorset","Simon Hoare","North Dorset","Conservative","3012159189",3955,3824
"Simonhartmp","Simon Hart","Carmarthen West and South Pembrokeshire","Conservative","1442028488",3743,2136
"Siobhain_MP","Siobhain McDonagh","Mitcham and Morden","Labour","580749365",12304,12411
"SKinnock","Stephen Kinnock","Aberavon","Labour","722347303",17089,5557
"SMcPartland","Stephen McPartland","Stevenage","Conservative","397160160",5502,1571
"SNewtonUK","Sarah Newton","Truro and Falmouth","Conservative","863136661",6327,2400
"spellar","John Spellar","Warley","Labour","21736214",8866,12829
"spelmanc","Caroline Spelman","Meriden","Conservative","453133872",4855,2387
"stellacreasy","Stella Creasy","Walthamstow","Labour","15580900",100845,75700
"Steph_Peacock","Stephanie Peacock","Barnsley East","Labour","51062977",4437,4754
"stephenctimms","Stephen Timms","East Ham","Labour","102107018",12872,5242
"StephenGethins","Stephen Gethins","North East Fife","Scottish National Party","997293914",12209,3546
"stephenkerrMP","Stephen Kerr","Stirling","Conservative","49236342",2276,1690
"StephenLloydEBN","Stephen Lloyd","Eastbourne","Liberal Democrat","2799590457",3782,1078
"StephenMorganMP","Stephen Morgan","Portsmouth South","Labour","24045870",3792,2854
"StephenTwigg","Stephen Twigg","Liverpool, West Derby","Labour","35781487",34574,5174
"steve_mccabe","Steve McCabe","Birmingham, Selly Oak","Labour","21408041",14692,7656
"SteveBakerHW","Steven Baker","Wycombe","Conservative","15157283",21276,26931
"stevedouble","Steve Double","St Austell and Newquay","Conservative","21174263",4353,7516
"SteveReedMP","Steve Reed","Croydon North","Labour","23749162",24682,14497
"StewartHosieSNP","Stewart Hosie","Dundee East","Scottish National Party","219298196",22723,5183
"StewartMcDonald","Stewart Malcolm McDonald","Glasgow South","Scottish National Party","19608199",16239,36991
"Stuart_McDonald","Stuart C. McDonald","Cumbernauld, Kilsyth and Kirkintilloch East","Scottish National Party","211883434",8003,3561
"StuartAndrew","Stuart Andrew","Pudsey","Conservative","20424362",14188,7661
"SueHayman1","Sue Hayman","Workington","Labour","580947925",6757,4424
"SuellaFernandes","Suella Fernandes","Fareham","Conservative","1722829178",6804,2330
"susanelanjones","Susan Elan Jones","Clwyd South","Labour","3318714389",3259,1760
"TanDhesi","Tanmanjit Singh Dhesi","Slough","Labour","1865540413",9814,5731
"ThangamMP","Thangam Debbonaire","Bristol West","Labour","262163061",13465,14711
"Thelma_WalkerMP","Thelma Walker","Colne Valley","Labour","2575651762",2780,8365
"theresa_may","Theresa May","Maidenhead","Conservative","747807250819981312",457505,550
"theresecoffey","Dr Thérèse Coffey","Suffolk Coastal","Conservative","50714939",15786,30054
"thomasbrake","Tom Brake","Carshalton and Wallington","Liberal Democrat","21666641",49926,21348
"timfarron","Tim Farron","Westmorland and Lonsdale","Liberal Democrat","80021045",295909,71360
"timloughton","Tim Loughton","East Worthing and Shoreham","Conservative","108587399",16016,14768
"Tobias_Ellwood","Tobias Ellwood","Bournemouth East","Conservative","482866177",35468,2467
"tobyperkinsmp","Toby Perkins","Chesterfield","Labour","61733092",23772,26082
"tom_watson","Tom Watson","West Bromwich East","Labour","14190551",242437,52378
"TommySheppard","Tommy Sheppard","Edinburgh East","Scottish National Party","280574046",22351,2632
"TomTugendhat","Tom Tugendhat","Tonbridge and Malling","Conservative","2173779986",11377,10950
"ToniaAntoniazzi","Tonia Antoniazzi","Gower","Labour","2855602085",3724,2927
"tony4rochdale","Tony Lloyd","Rochdale","Labour","23452834",6572,4212
"tpearce003","Teresa Pearce","Erith and Thamesmead","Labour","14146330",10576,17669
"tracey_crouch","Tracey Crouch","Chatham and Aylesford","Conservative","62613162",22433,11048
"TracyBrabin","Tracy Brabin","Batley and Spen","Labour","48280657",16540,11460
"trussliz","Elizabeth Truss","South West Norfolk","Conservative","65357102",37603,3749
"TulipSiddiq","Tulip Siddiq","Hampstead and Kilburn","Labour","113491007",95411,9967
"Valerie_VazMP","Valerie Vaz","Walsall South","Labour","315283542",3757,3056
"Vernon_Coaker","Vernon Coaker","Gedling","Labour","90432690",19638,8972
"vickyford","Vicky Ford","Chelmsford","Conservative","14691032",9302,9698
"vickyfoxcroft","Vicky Foxcroft","Lewisham, Deptford","Labour","174396155",9373,3775
"VictoriaPrentis","Victoria Prentis","Banbury","Conservative","2862527512",4658,1550
"vincecable","Vincent Cable","Twickenham","Liberal Democrat","56999787",128279,3477
"VirendraSharma","Virendra Sharma","Ealing, Southall","Labour","23452598",14275,3815
"VotePursglove","Tom Pursglove","Corby","Conservative","1418358025",6251,3837
"WalkerWorcester","Robin Walker","Worcester","Conservative","1978270322",9827,12889
"WayneDavid_MP","Wayne David","Caerphilly","Labour","415449314",9498,5620
"Wera_Hobhouse","Wera Hobhouse","Bath","Liberal Democrat","19915728",5743,8261
"wesstreeting","Wes Streeting","Ilford North","Labour","20362684",38323,83925
"William_Wragg","William Wragg","Hazel Grove","Conservative","1606157958",6029,2099
"willquince","Will Quince","Colchester","Conservative","20473134",8496,25605
"Y_FovargueMP","Yvonne Fovargue","Makerfield","Labour","568174146",7612,3171
"YasminQureshiMP","Yasmin Qureshi","Bolton South East","Labour","72341341",14756,5149
"YvetteCooperMP","Yvette Cooper","Normanton, Pontefract and Castleford","Labour","328634628",152586,5267
"ZacGoldsmith","Zac Goldsmith","Richmond Park","Conservative","22159580",70219,11937
