{"created_at":"Wed Mar 20 20:26:47 +0000 2013","id":314473115071705089,"id_str":"314473115071705089","text":"Tenia novio y ni enterada; \u00bfComo es eso?","source":"web","truncated":false,"in_reply_to_status_id":null,"in_reply_to_status_id_str":null,"in_reply_to_user_id":null,"in_reply_to_user_id_str":null,"in_reply_to_screen_name":null,"user":{"id":253206713,"id_str":"253206713","name":" Doris","screen_name":"ahilencanti","location":"Rusia","url":null,"description":null,"protected":false,"followers_count":362,"friends_count":281,"listed_count":1,"created_at":"Wed Feb 16 19:37:25 +0000 2011","favourites_count":34,"utc_offset":-10800,"time_zone":"Brasilia","geo_enabled":true,"verified":false,"statuses_count":30867,"lang":"es","contributors_enabled":false,"is_translator":false,"profile_background_color":"DFA194","profile_background_image_url":"http:\/\/a0.twimg.com\/profile_background_images\/805848355\/89e8853a803c120c553da8f6169234aa.jpeg","profile_background_image_url_https":"https:\/\/si0.twimg.com\/profile_background_images\/805848355\/89e8853a803c120c553da8f6169234aa.jpeg","profile_background_tile":true,"profile_image_url":"http:\/\/a0.twimg.com\/profile_images\/3359499148\/53cb1d30cfe0f016dfa89325c8c39ea0_normal.jpeg","profile_image_url_https":"https:\/\/si0.twimg.com\/profile_images\/3359499148\/53cb1d30cfe0f016dfa89325c8c39ea0_normal.jpeg","profile_banner_url":"https:\/\/si0.twimg.com\/profile_banners\/253206713\/1362949297","profile_link_color":"EF6778","profile_sidebar_border_color":"FFFFFF","profile_sidebar_fill_color":"916975","profile_text_color":"B56075","profile_use_background_image":true,"default_profile":false,"default_profile_image":false,"following":null,"follow_request_sent":null,"notifications":null},"geo":null,"coordinates":null,"place":{"id":"5714382051c06d1e","url":"http:\/\/api.twitter.com\/1\/geo\/id\/5714382051c06d1e.json","place_type":"country","name":"Rusia","full_name":"Rusia","country_code":"RU","country":"Rusia","polylines":[],"bounding_box":{"type":"Polygon","coordinates":[[[19.643392,41.186800],[19.643392,81.856820],[-169.656300,81.856820],[-169.656300,41.186800]]]},"attributes":{}},"contributors":null,"retweet_count":0,"entities":{"hashtags":[],"urls":[],"user_mentions":[]},"favorited":false,"retweeted":false,"filter_level":"medium"}

{"created_at":"Wed Mar 20 20:27:31 +0000 2013","id":314473295997202432,"id_str":"314473295997202432","text":"In tech school @RblsBoogie n I called this girl Crim De La Crim cus she had a BIG ASS chin like Crimson Chin","source":"\u003ca href=\"http:\/\/twitter.com\/download\/iphone\" rel=\"nofollow\"\u003eTwitter for iPhone\u003c\/a\u003e","truncated":false,"in_reply_to_status_id":null,"in_reply_to_status_id_str":null,"in_reply_to_user_id":null,"in_reply_to_user_id_str":null,"in_reply_to_screen_name":null,"user":{"id":256196702,"id_str":"256196702","name":"Aaron Jo'Van","screen_name":"2Short4TallTs","location":" Misawa, Japan","url":null,"description":"Let's make this interview short: Yes, I'm in the Air Force. No, I don't fly planes. In Japan and my chopstick game is sick. -TLOD IG:2short4tallts kik:AyeSparks","protected":false,"followers_count":820,"friends_count":692,"listed_count":2,"created_at":"Tue Feb 22 21:26:21 +0000 2011","favourites_count":16,"utc_offset":-21600,"time_zone":"Central Time (US & Canada)","geo_enabled":true,"verified":false,"statuses_count":34242,"lang":"en","contributors_enabled":false,"is_translator":false,"profile_background_color":"131516","profile_background_image_url":"http:\/\/a0.twimg.com\/images\/themes\/theme14\/bg.gif","profile_background_image_url_https":"https:\/\/si0.twimg.com\/images\/themes\/theme14\/bg.gif","profile_background_tile":true,"profile_image_url":"http:\/\/a0.twimg.com\/profile_images\/3389477602\/b123a62d625cd3c7525c6480b5be33d5_normal.jpeg","profile_image_url_https":"https:\/\/si0.twimg.com\/profile_images\/3389477602\/b123a62d625cd3c7525c6480b5be33d5_normal.jpeg","profile_banner_url":"https:\/\/si0.twimg.com\/profile_banners\/256196702\/1363480335","profile_link_color":"009999","profile_sidebar_border_color":"EEEEEE","profile_sidebar_fill_color":"EFEFEF","profile_text_color":"333333","profile_use_background_image":true,"default_profile":false,"default_profile_image":false,"following":null,"follow_request_sent":null,"notifications":null},"geo":{"type":"Point","coordinates":[40.69507717,141.36001466]},"coordinates":{"type":"Point","coordinates":[141.36001466,40.69507717]},"place":{"id":"a84ac6b4865b258d","url":"http:\/\/api.twitter.com\/1\/geo\/id\/a84ac6b4865b258d.json","place_type":"city","name":"Misawa City","full_name":"Misawa City, Aomori","country_code":"JP","country":"Japan","polylines":[],"bounding_box":{"type":"Polygon","coordinates":[[[129.331668,33.168722],[129.331668,40.886718],[141.444325,40.886718],[141.444325,33.168722]]]},"attributes":{}},"contributors":null,"retweet_count":0,"entities":{"hashtags":[],"urls":[],"user_mentions":[{"screen_name":"RblsBoogie","name":"Rebellious Boogie","id":218349751,"id_str":"218349751","indices":[15,26]}]},"favorited":false,"retweeted":false,"filter_level":"medium"}
{"created_at":"Wed Mar 20 20:28:00 +0000 2013","id":314473419158740993,"id_str":"314473419158740993","text":"\u0412\u0441\u0435 \u0442\u0430\u043a \u043d\u0435\u043e\u0436\u0438\u0434\u0430\u043d\u043d\u043e,\u0438...(\u0422\u044c\u0444\u0443 \u0442\u044c\u0444\u0443 \u0442\u044c\u0444\u0443)\u043e\u0444\u0444\u0438\u0433\u0435\u043d\u043d\u043e))\u263a\u2764","source":"\u003ca href=\"https:\/\/mobile.twitter.com\" rel=\"nofollow\"\u003eMobile Web (M5)\u003c\/a\u003e","truncated":false,"in_reply_to_status_id":null,"in_reply_to_status_id_str":null,"in_reply_to_user_id":null,"in_reply_to_user_id_str":null,"in_reply_to_screen_name":null,"user":{"id":538287128,"id_str":"538287128","name":"Akboken Zein","screen_name":"AkbokenZein","location":"KZ","url":null,"description":null,"protected":false,"followers_count":5,"friends_count":20,"listed_count":0,"created_at":"Tue Mar 27 16:21:59 +0000 2012","favourites_count":0,"utc_offset":null,"time_zone":null,"geo_enabled":true,"verified":false,"statuses_count":45,"lang":"ru","contributors_enabled":false,"is_translator":false,"profile_background_color":"C0DEED","profile_background_image_url":"http:\/\/a0.twimg.com\/images\/themes\/theme1\/bg.png","profile_background_image_url_https":"https:\/\/si0.twimg.com\/images\/themes\/theme1\/bg.png","profile_background_tile":false,"profile_image_url":"http:\/\/a0.twimg.com\/profile_images\/3377254585\/fde754b1dea5f2b122fe4369e52ff86f_normal.jpeg","profile_image_url_https":"https:\/\/si0.twimg.com\/profile_images\/3377254585\/fde754b1dea5f2b122fe4369e52ff86f_normal.jpeg","profile_banner_url":"https:\/\/si0.twimg.com\/profile_banners\/538287128\/1363228829","profile_link_color":"0084B4","profile_sidebar_border_color":"C0DEED","profile_sidebar_fill_color":"DDEEF6","profile_text_color":"333333","profile_use_background_image":true,"default_profile":true,"default_profile_image":false,"following":null,"follow_request_sent":null,"notifications":null},"geo":{"type":"Point","coordinates":[51.12380111,71.41908505]},"coordinates":{"type":"Point","coordinates":[71.41908505,51.12380111]},"place":{"id":"5714382051c06d1e","url":"http:\/\/api.twitter.com\/1\/geo\/id\/5714382051c06d1e.json","place_type":"country","name":"\u0420\u043e\u0441\u0441\u0438\u044f","full_name":"\u0420\u043e\u0441\u0441\u0438\u044f","country_code":"RU","country":"\u0420\u043e\u0441\u0441\u0438\u044f","polylines":[],"bounding_box":{"type":"Polygon","coordinates":[[[19.643392,41.186800],[19.643392,81.856820],[-169.656300,81.856820],[-169.656300,41.186800]]]},"attributes":{}},"contributors":null,"retweet_count":0,"entities":{"hashtags":[],"urls":[],"user_mentions":[]},"favorited":false,"retweeted":false,"filter_level":"medium"}
{"created_at":"Wed Mar 20 20:28:03 +0000 2013","id":314473432194629632,"id_str":"314473432194629632","text":"@BAP_Daehyun \uc5d0\uc5e3 \uadf8 \uc2dc\uac04\uc5d0 \ucd95\uad6c\ud558\ub7ec \uac00\uc2e0\uac70\uc608\uc694???? ...\uc5ed\uc2dc \uccad\ucd98, \uc774\ub780\uac74\uac00. \ubb3c\ub860 \uc774\ub7f0\ub9d0 \ud558\ub294 \uc81c\uac00 \uc624\ube60\ubcf4\ub2e4 \uc5b4\ub9ac\uc9c0\ub9cc\u314b\u314b\n\ucd95\uad6c \uc5bc\ub9c8\ub098 \uc790\uc8fc\ud558\uc138\uc694???","source":"\u003ca href=\"http:\/\/twitter.com\/download\/android\" rel=\"nofollow\"\u003eTwitter for Android\u003c\/a\u003e","truncated":false,"in_reply_to_status_id":314396567031410689,"in_reply_to_status_id_str":"314396567031410689","in_reply_to_user_id":464454076,"in_reply_to_user_id_str":"464454076","in_reply_to_screen_name":"BAP_Daehyun","user":{"id":1223824358,"id_str":"1223824358","name":"\ucd5c\ub098\uc601","screen_name":"cany1389","location":"","url":null,"description":"\ub9cc\ud654\uac00\ub294 \uc815\ub9d0 \uafc8\uc77c\ubfd0\uc77c\uae4c","protected":false,"followers_count":1,"friends_count":17,"listed_count":0,"created_at":"Wed Feb 27 07:02:18 +0000 2013","favourites_count":13,"utc_offset":null,"time_zone":null,"geo_enabled":true,"verified":false,"statuses_count":87,"lang":"ko","contributors_enabled":false,"is_translator":false,"profile_background_color":"C0DEED","profile_background_image_url":"http:\/\/a0.twimg.com\/images\/themes\/theme1\/bg.png","profile_background_image_url_https":"https:\/\/si0.twimg.com\/images\/themes\/theme1\/bg.png","profile_background_tile":false,"profile_image_url":"http:\/\/a0.twimg.com\/profile_images\/3313934773\/80825ed5db94be4de83190f07b3dc4a7_normal.jpeg","profile_image_url_https":"https:\/\/si0.twimg.com\/profile_images\/3313934773\/80825ed5db94be4de83190f07b3dc4a7_normal.jpeg","profile_link_color":"0084B4","profile_sidebar_border_color":"C0DEED","profile_sidebar_fill_color":"DDEEF6","profile_text_color":"333333","profile_use_background_image":true,"default_profile":true,"default_profile_image":false,"following":null,"follow_request_sent":null,"notifications":null},"geo":{"type":"Point","coordinates":[35.2732716,128.5261349]},"coordinates":{"type":"Point","coordinates":[128.5261349,35.2732716]},"place":null,"contributors":null,"retweet_count":0,"entities":{"hashtags":[],"urls":[],"user_mentions":[{"screen_name":"BAP_Daehyun","name":"B.A.P \ub300\ud604","id":464454076,"id_str":"464454076","indices":[0,12]}]},"favorited":false,"retweeted":false,"filter_level":"medium"}
{"created_at":"Wed Mar 20 20:28:15 +0000 2013","id":314473482492706816,"id_str":"314473482492706816","text":"@suisonoaytk \u3042\u305f\u3057\u306f\u3042\u3068\u4e00\u5e74\u5f8c\u304f\u3089\u3044\u306721\u6b73\u3088ww","source":"\u003ca href=\"http:\/\/twitter.com\/download\/android\" rel=\"nofollow\"\u003eTwitter for Android\u003c\/a\u003e","truncated":false,"in_reply_to_status_id":314388740611121152,"in_reply_to_status_id_str":"314388740611121152","in_reply_to_user_id":265371911,"in_reply_to_user_id_str":"265371911","in_reply_to_screen_name":"suisonoaytk","user":{"id":592453008,"id_str":"592453008","name":"\u3082\u308a\u308f\u304d\u3086\u304d","screen_name":"Moriwaki0205","location":"","url":null,"description":"\u4eac\u7523\u5927\u6587\u5316\u5b66\u90e82\u56de\u751f\u266a\u266a \u3074\u306b\u30db\u30e4 \/ \u30ad\u30b9\u30de\u30a4\u85e4\u5317&\u4e8c\u968e\u5802 \/ \u5d50 \/ B.A.P \/ SISTAR\u30d2\u30e7\u30ea\u30f3 \u2661\u2661","protected":false,"followers_count":39,"friends_count":43,"listed_count":0,"created_at":"Mon May 28 03:28:22 +0000 2012","favourites_count":1,"utc_offset":null,"time_zone":null,"geo_enabled":true,"verified":false,"statuses_count":247,"lang":"ja","contributors_enabled":false,"is_translator":false,"profile_background_color":"C0DEED","profile_background_image_url":"http:\/\/a0.twimg.com\/images\/themes\/theme1\/bg.png","profile_background_image_url_https":"https:\/\/si0.twimg.com\/images\/themes\/theme1\/bg.png","profile_background_tile":false,"profile_image_url":"http:\/\/a0.twimg.com\/profile_images\/3404604075\/d434ce6eff5ed9f00888348cfce3ce92_normal.jpeg","profile_image_url_https":"https:\/\/si0.twimg.com\/profile_images\/3404604075\/d434ce6eff5ed9f00888348cfce3ce92_normal.jpeg","profile_link_color":"0084B4","profile_sidebar_border_color":"C0DEED","profile_sidebar_fill_color":"DDEEF6","profile_text_color":"333333","profile_use_background_image":true,"default_profile":true,"default_profile_image":false,"following":null,"follow_request_sent":null,"notifications":null},"geo":{"type":"Point","coordinates":[37.55468666,126.93528174]},"coordinates":{"type":"Point","coordinates":[126.93528174,37.55468666]},"place":null,"contributors":null,"retweet_count":0,"entities":{"hashtags":[],"urls":[],"user_mentions":[{"screen_name":"suisonoaytk","name":"\u3075\u307f\u3061\u3083\u3093","id":265371911,"id_str":"265371911","indices":[0,12]}]},"favorited":false,"retweeted":false,"filter_level":"medium"}
{"created_at":"Wed Mar 20 20:28:17 +0000 2013","id":314473489056813056,"id_str":"314473489056813056","text":"@yzzung9588 @yoji0802 \uc5e0\ube44\uac00 \ubd80\uc2dc\uc7a5\uc744 \ub098\ub77c \uc815\ubcf4\uae30\uad00\uc758 \uc218\uc7a5\uc73c\ub85c \uc784\uba85\ud560 \ub54c\ubd80\ud130 \uc608\uc0c1 \ub410\uc5c8\uc8e0..","source":"\u003ca href=\"http:\/\/twitter.com\/download\/android\" rel=\"nofollow\"\u003eTwitter for Android\u003c\/a\u003e","truncated":false,"in_reply_to_status_id":314471358467801088,"in_reply_to_status_id_str":"314471358467801088","in_reply_to_user_id":433478387,"in_reply_to_user_id_str":"433478387","in_reply_to_screen_name":"yzzung9588","user":{"id":869398801,"id_str":"869398801","name":"\ud63c\uc218\uc0c1\ud0dc","screen_name":"wnso904","location":"","url":null,"description":"\uc6b0\ub9ac\ubaa8\ub450\ud589\ubcf5\ud569\uc2dc\ub2e4","protected":false,"followers_count":562,"friends_count":590,"listed_count":2,"created_at":"Tue Oct 09 07:19:57 +0000 2012","favourites_count":4,"utc_offset":null,"time_zone":null,"geo_enabled":true,"verified":false,"statuses_count":2821,"lang":"ko","contributors_enabled":false,"is_translator":false,"profile_background_color":"C0DEED","profile_background_image_url":"http:\/\/a0.twimg.com\/images\/themes\/theme1\/bg.png","profile_background_image_url_https":"https:\/\/si0.twimg.com\/images\/themes\/theme1\/bg.png","profile_background_tile":false,"profile_image_url":"http:\/\/a0.twimg.com\/profile_images\/2711856105\/bd2c99fe5b02b1af7a4c438ba4999f36_normal.jpeg","profile_image_url_https":"https:\/\/si0.twimg.com\/profile_images\/2711856105\/bd2c99fe5b02b1af7a4c438ba4999f36_normal.jpeg","profile_link_color":"0084B4","profile_sidebar_border_color":"C0DEED","profile_sidebar_fill_color":"DDEEF6","profile_text_color":"333333","profile_use_background_image":true,"default_profile":true,"default_profile_image":false,"following":null,"follow_request_sent":null,"notifications":null},"geo":{"type":"Point","coordinates":[37.6131327,127.0315516]},"coordinates":{"type":"Point","coordinates":[127.0315516,37.6131327]},"place":null,"contributors":null,"retweet_count":0,"entities":{"hashtags":[],"urls":[],"user_mentions":[{"screen_name":"yzzung9588","name":"ZYZ\uac1c\ud480\ub5a0\u3131","id":433478387,"id_str":"433478387","indices":[0,11]},{"screen_name":"yoji0802","name":"\uc694\uc9c0\uacbd","id":184827418,"id_str":"184827418","indices":[12,21]}]},"favorited":false,"retweeted":false,"filter_level":"medium"}
